,번호,주택구분,시도코드,시도이름,시군구코드,시군구이름,행정동코드,행정동이름,법정동코드,법정동이름,기준일자
0,1,단독주택(다가구),3000000000,대전광역시,3020000000,유성구,3020052000,진잠동,3020010100,원내동,2021-10-01
1,2,공동주택(다세대/연립),3000000000,대전광역시,3020000000,유성구,3020052000,진잠동,3020010100,원내동,2021-10-01
2,3,공동주택(다세대/연립),3000000000,대전광역시,3020000000,유성구,3020052000,진잠동,3020010100,원내동,2021-10-01
3,4,그 외 주택,3000000000,대전광역시,3020000000,유성구,3020052000,진잠동,3020010100,원내동,2021-10-01
4,5,단독주택(다가구),3000000000,대전광역시,3020000000,유성구,3020052000,진잠동,3020010100,원내동,2021-10-01
5,6,단독주택(다가구),3000000000,대전광역시,3020000000,유성구,3020052000,진잠동,3020010100,원내동,2021-10-01
6,7,공동주택(다세대/연립),3000000000,대전광역시,3020000000,유성구,3020052000,진잠동,3020010100,원내동,2021-10-01
7,8,공동주택(다세대/연립),3000000000,대전광역시,3020000000,유성구,3020052000,진잠동,3020010100,원내동,2021-10-01
8,9,단독주택(다가구),3000000000,대전광역시,3020000000,유성구,3020052000,진잠동,3020010100,원내동,2021-10-01
9,10,단독주택(다가구),3000000000,대전광역시,3020000000,유성구,3020052000,진잠동,3020010100,원내동,2021-10-01
10,11,단독주택(다가구),3000000000,대전광역시,3020000000,유성구,3020052000,진잠동,3020010200,교촌동,2021-10-01
11,12,단독주택(다가구),3000000000,대전광역시,3020000000,유성구,3020052000,진잠동,3020010200,교촌동,2021-10-01
12,13,단독주택(다가구),3000000000,대전광역시,3020000000,유성구,3020052000,진잠동,3020010200,교촌동,2021-10-01
13,14,단독주택(다가구),3000000000,대전광역시,3020000000,유성구,3020052000,진잠동,3020010200,교촌동,2021-10-01
14,15,단독주택(다가구),3000000000,대전광역시,3020000000,유성구,3020052000,진잠동,3020010200,교촌동,2021-10-01
15,16,단독주택(다가구),3000000000,대전광역시,3020000000,유성구,3020052000,진잠동,3020010200,교촌동,2021-10-01
16,17,단독주택(다가구),3000000000,대전광역시,3020000000,유성구,3020052000,진잠동,3020010200,교촌동,2021-10-01
17,18,공동주택(다세대/연립),3000000000,대전광역시,3020000000,유성구,3020052000,진잠동,3020010200,교촌동,2021-10-01
18,19,공동주택(다세대/연립),3000000000,대전광역시,3020000000,유성구,3020052000,진잠동,3020010300,대정동,2021-10-01
19,20,단독주택(다가구),3000000000,대전광역시,3020000000,유성구,3020052000,진잠동,3020010300,대정동,2021-10-01
20,21,공동주택(다세대/연립),3000000000,대전광역시,3020000000,유성구,3020052000,진잠동,3020010300,대정동,2021-10-01
21,22,공동주택(다세대/연립),3000000000,대전광역시,3020000000,유성구,3020052000,진잠동,3020010300,대정동,2021-10-01
22,23,단독주택(다가구),3000000000,대전광역시,3020000000,유성구,3020052000,진잠동,3020010300,대정동,2021-10-01
23,24,공동주택(다세대/연립),3000000000,대전광역시,3020000000,유성구,3020052000,진잠동,3020010300,대정동,2021-10-01
24,25,공동주택(다세대/연립),3000000000,대전광역시,3020000000,유성구,3020052000,진잠동,3020010300,대정동,2021-10-01
25,26,단독주택(다가구),3000000000,대전광역시,3020000000,유성구,3020052000,진잠동,3020010300,대정동,2021-10-01
26,27,공동주택(다세대/연립),3000000000,대전광역시,3020000000,유성구,3020052000,진잠동,3020010300,대정동,2021-10-01
27,28,공동주택(다세대/연립),3000000000,대전광역시,3020000000,유성구,3020052000,진잠동,3020010300,대정동,2021-10-01
28,29,공동주택(다세대/연립),3000000000,대전광역시,3020000000,유성구,3020052000,진잠동,3020010300,대정동,2021-10-01
29,30,공동주택(다세대/연립),3000000000,대전광역시,3020000000,유성구,3020052000,진잠동,3020010300,대정동,2021-10-01
30,31,공동주택(다세대/연립),3000000000,대전광역시,3020000000,유성구,3020052000,진잠동,3020010300,대정동,2021-10-01
31,32,공동주택(다세대/연립),3000000000,대전광역시,3020000000,유성구,3020052000,진잠동,3020010300,대정동,2021-10-01
32,33,공동주택(다세대/연립),3000000000,대전광역시,3020000000,유성구,3020052000,진잠동,3020010300,대정동,2021-10-01
33,34,공동주택(다세대/연립),3000000000,대전광역시,3020000000,유성구,3020052000,진잠동,3020010300,대정동,2021-10-01
34,35,공동주택(다세대/연립),3000000000,대전광역시,3020000000,유성구,3020052000,진잠동,3020010300,대정동,2021-10-01
35,36,공동주택(다세대/연립),3000000000,대전광역시,3020000000,유성구,3020052000,진잠동,3020010300,대정동,2021-10-01
36,37,공동주택(다세대/연립),3000000000,대전광역시,3020000000,유성구,3020052000,진잠동,3020010300,대정동,2021-10-01
37,38,공동주택(다세대/연립),3000000000,대전광역시,3020000000,유성구,3020052000,진잠동,3020010300,대정동,2021-10-01
38,39,공동주택(다세대/연립),3000000000,대전광역시,3020000000,유성구,3020052000,진잠동,3020010300,대정동,2021-10-01
39,40,공동주택(다세대/연립),3000000000,대전광역시,3020000000,유성구,3020052000,진잠동,3020010300,대정동,2021-10-01
40,41,공동주택(다세대/연립),3000000000,대전광역시,3020000000,유성구,3020052000,진잠동,3020010300,대정동,2021-10-01
41,42,공동주택(다세대/연립),3000000000,대전광역시,3020000000,유성구,3020052000,진잠동,3020010300,대정동,2021-10-01
42,43,공동주택(다세대/연립),3000000000,대전광역시,3020000000,유성구,3020052000,진잠동,3020010300,대정동,2021-10-01
43,44,공동주택(다세대/연립),3000000000,대전광역시,3020000000,유성구,3020052000,진잠동,3020010300,대정동,2021-10-01
44,45,공동주택(다세대/연립),3000000000,대전광역시,3020000000,유성구,3020052000,진잠동,3020010300,대정동,2021-10-01
45,46,공동주택(다세대/연립),3000000000,대전광역시,3020000000,유성구,3020052000,진잠동,3020010300,대정동,2021-10-01
46,47,공동주택(다세대/연립),3000000000,대전광역시,3020000000,유성구,3020052000,진잠동,3020010300,대정동,2021-10-01
47,48,공동주택(다세대/연립),3000000000,대전광역시,3020000000,유성구,3020052000,진잠동,3020010300,대정동,2021-10-01
48,49,공동주택(다세대/연립),3000000000,대전광역시,3020000000,유성구,3020052000,진잠동,3020010300,대정동,2021-10-01
49,50,공동주택(다세대/연립),3000000000,대전광역시,3020000000,유성구,3020052000,진잠동,3020010300,대정동,2021-10-01
50,51,공동주택(다세대/연립),3000000000,대전광역시,3020000000,유성구,3020052000,진잠동,3020010300,대정동,2021-10-01
51,52,공동주택(다세대/연립),3000000000,대전광역시,3020000000,유성구,3020052000,진잠동,3020010300,대정동,2021-10-01
52,53,공동주택(다세대/연립),3000000000,대전광역시,3020000000,유성구,3020052000,진잠동,3020010300,대정동,2021-10-01
53,54,공동주택(다세대/연립),3000000000,대전광역시,3020000000,유성구,3020052000,진잠동,3020010300,대정동,2021-10-01
54,55,공동주택(다세대/연립),3000000000,대전광역시,3020000000,유성구,3020052000,진잠동,3020010300,대정동,2021-10-01
55,56,공동주택(다세대/연립),3000000000,대전광역시,3020000000,유성구,3020052000,진잠동,3020010300,대정동,2021-10-01
56,57,공동주택(다세대/연립),3000000000,대전광역시,3020000000,유성구,3020052000,진잠동,3020010300,대정동,2021-10-01
57,58,공동주택(다세대/연립),3000000000,대전광역시,3020000000,유성구,3020052000,진잠동,3020010300,대정동,2021-10-01
58,59,공동주택(다세대/연립),3000000000,대전광역시,3020000000,유성구,3020052000,진잠동,3020010300,대정동,2021-10-01
59,60,공동주택(다세대/연립),3000000000,대전광역시,3020000000,유성구,3020052000,진잠동,3020010300,대정동,2021-10-01
60,61,공동주택(다세대/연립),3000000000,대전광역시,3020000000,유성구,3020052000,진잠동,3020010300,대정동,2021-10-01
61,62,공동주택(다세대/연립),3000000000,대전광역시,3020000000,유성구,3020052000,진잠동,3020010300,대정동,2021-10-01
62,63,공동주택(다세대/연립),3000000000,대전광역시,3020000000,유성구,3020052000,진잠동,3020010300,대정동,2021-10-01
63,64,공동주택(다세대/연립),3000000000,대전광역시,3020000000,유성구,3020052000,진잠동,3020010300,대정동,2021-10-01
64,65,공동주택(다세대/연립),3000000000,대전광역시,3020000000,유성구,3020052000,진잠동,3020010300,대정동,2021-10-01
65,66,그 외 주택,3000000000,대전광역시,3020000000,유성구,3020052000,진잠동,3020010300,대정동,2021-10-01
66,67,그 외 주택,3000000000,대전광역시,3020000000,유성구,3020052000,진잠동,3020010300,대정동,2021-10-01
67,68,그 외 주택,3000000000,대전광역시,3020000000,유성구,3020052000,진잠동,3020010300,대정동,2021-10-01
68,69,공동주택(다세대/연립),3000000000,대전광역시,3020000000,유성구,3020052000,진잠동,3020010300,대정동,2021-10-01
69,70,그 외 주택,3000000000,대전광역시,3020000000,유성구,3020052000,진잠동,3020010300,대정동,2021-10-01
70,71,그 외 주택,3000000000,대전광역시,3020000000,유성구,3020052000,진잠동,3020010300,대정동,2021-10-01
71,72,공동주택(다세대/연립),3000000000,대전광역시,3020000000,유성구,3020052000,진잠동,3020010300,대정동,2021-10-01
72,73,공동주택(다세대/연립),3000000000,대전광역시,3020000000,유성구,3020052000,진잠동,3020010300,대정동,2021-10-01
73,74,공동주택(다세대/연립),3000000000,대전광역시,3020000000,유성구,3020052000,진잠동,3020010300,대정동,2021-10-01
74,75,공동주택(다세대/연립),3000000000,대전광역시,3020000000,유성구,3020052000,진잠동,3020010300,대정동,2021-10-01
75,76,공동주택(다세대/연립),3000000000,대전광역시,3020000000,유성구,3020052000,진잠동,3020010300,대정동,2021-10-01
76,77,공동주택(다세대/연립),3000000000,대전광역시,3020000000,유성구,3020052000,진잠동,3020010300,대정동,2021-10-01
77,78,공동주택(다세대/연립),3000000000,대전광역시,3020000000,유성구,3020052000,진잠동,3020010300,대정동,2021-10-01
78,79,그 외 주택,3000000000,대전광역시,3020000000,유성구,3020052000,진잠동,3020010300,대정동,2021-10-01
79,80,공동주택(다세대/연립),3000000000,대전광역시,3020000000,유성구,3020052000,진잠동,3020010300,대정동,2021-10-01
80,81,공동주택(다세대/연립),3000000000,대전광역시,3020000000,유성구,3020052000,진잠동,3020010300,대정동,2021-10-01
81,82,공동주택(다세대/연립),3000000000,대전광역시,3020000000,유성구,3020052000,진잠동,3020010300,대정동,2021-10-01
82,83,공동주택(다세대/연립),3000000000,대전광역시,3020000000,유성구,3020052000,진잠동,3020010300,대정동,2021-10-01
83,84,공동주택(다세대/연립),3000000000,대전광역시,3020000000,유성구,3020052000,진잠동,3020010300,대정동,2021-10-01
84,85,단독주택(다가구),3000000000,대전광역시,3020000000,유성구,3020052000,진잠동,3020010300,대정동,2021-10-01
85,86,공동주택(다세대/연립),3000000000,대전광역시,3020000000,유성구,3020052000,진잠동,3020010300,대정동,2021-10-01
86,87,공동주택(다세대/연립),3000000000,대전광역시,3020000000,유성구,3020052000,진잠동,3020010300,대정동,2021-10-01
87,88,공동주택(다세대/연립),3000000000,대전광역시,3020000000,유성구,3020052000,진잠동,3020010300,대정동,2021-10-01
88,89,공동주택(다세대/연립),3000000000,대전광역시,3020000000,유성구,3020052000,진잠동,3020010300,대정동,2021-10-01
89,90,공동주택(다세대/연립),3000000000,대전광역시,3020000000,유성구,3020052000,진잠동,3020010300,대정동,2021-10-01
90,91,공동주택(다세대/연립),3000000000,대전광역시,3020000000,유성구,3020052000,진잠동,3020010300,대정동,2021-10-01
91,92,공동주택(다세대/연립),3000000000,대전광역시,3020000000,유성구,3020052000,진잠동,3020010300,대정동,2021-10-01
92,93,공동주택(다세대/연립),3000000000,대전광역시,3020000000,유성구,3020052000,진잠동,3020010300,대정동,2021-10-01
93,94,공동주택(다세대/연립),3000000000,대전광역시,3020000000,유성구,3020052000,진잠동,3020010300,대정동,2021-10-01
94,95,공동주택(다세대/연립),3000000000,대전광역시,3020000000,유성구,3020052000,진잠동,3020010300,대정동,2021-10-01
95,96,공동주택(다세대/연립),3000000000,대전광역시,3020000000,유성구,3020052000,진잠동,3020010300,대정동,2021-10-01
96,97,공동주택(다세대/연립),3000000000,대전광역시,3020000000,유성구,3020052000,진잠동,3020010300,대정동,2021-10-01
97,98,공동주택(다세대/연립),3000000000,대전광역시,3020000000,유성구,3020052000,진잠동,3020010300,대정동,2021-10-01
98,99,공동주택(다세대/연립),3000000000,대전광역시,3020000000,유성구,3020052000,진잠동,3020010300,대정동,2021-10-01
99,100,공동주택(다세대/연립),3000000000,대전광역시,3020000000,유성구,3020052000,진잠동,3020010300,대정동,2021-10-01
100,101,공동주택(다세대/연립),3000000000,대전광역시,3020000000,유성구,3020052000,진잠동,3020010300,대정동,2021-10-01
101,102,공동주택(다세대/연립),3000000000,대전광역시,3020000000,유성구,3020052000,진잠동,3020010300,대정동,2021-10-01
102,103,공동주택(다세대/연립),3000000000,대전광역시,3020000000,유성구,3020052000,진잠동,3020010300,대정동,2021-10-01
103,104,공동주택(다세대/연립),3000000000,대전광역시,3020000000,유성구,3020052000,진잠동,3020010300,대정동,2021-10-01
104,105,공동주택(다세대/연립),3000000000,대전광역시,3020000000,유성구,3020052000,진잠동,3020010300,대정동,2021-10-01
105,106,공동주택(다세대/연립),3000000000,대전광역시,3020000000,유성구,3020052000,진잠동,3020010300,대정동,2021-10-01
106,107,공동주택(다세대/연립),3000000000,대전광역시,3020000000,유성구,3020052000,진잠동,3020010300,대정동,2021-10-01
107,108,공동주택(다세대/연립),3000000000,대전광역시,3020000000,유성구,3020052000,진잠동,3020010300,대정동,2021-10-01
108,109,공동주택(다세대/연립),3000000000,대전광역시,3020000000,유성구,3020052000,진잠동,3020010300,대정동,2021-10-01
109,110,공동주택(다세대/연립),3000000000,대전광역시,3020000000,유성구,3020052000,진잠동,3020010300,대정동,2021-10-01
110,111,공동주택(다세대/연립),3000000000,대전광역시,3020000000,유성구,3020052000,진잠동,3020010300,대정동,2021-10-01
111,112,단독주택(다가구),3000000000,대전광역시,3020000000,유성구,3020052000,진잠동,3020010300,대정동,2021-10-01
112,113,공동주택(다세대/연립),3000000000,대전광역시,3020000000,유성구,3020052000,진잠동,3020010300,대정동,2021-10-01
113,114,공동주택(다세대/연립),3000000000,대전광역시,3020000000,유성구,3020052000,진잠동,3020010300,대정동,2021-10-01
114,115,단독주택(다가구),3000000000,대전광역시,3020000000,유성구,3020052000,진잠동,3020010300,대정동,2021-10-01
115,116,공동주택(다세대/연립),3000000000,대전광역시,3020000000,유성구,3020052000,진잠동,3020010300,대정동,2021-10-01
116,117,공동주택(다세대/연립),3000000000,대전광역시,3020000000,유성구,3020052000,진잠동,3020010300,대정동,2021-10-01
117,118,공동주택(다세대/연립),3000000000,대전광역시,3020000000,유성구,3020052000,진잠동,3020010300,대정동,2021-10-01
118,119,공동주택(다세대/연립),3000000000,대전광역시,3020000000,유성구,3020052000,진잠동,3020010300,대정동,2021-10-01
119,120,공동주택(다세대/연립),3000000000,대전광역시,3020000000,유성구,3020052000,진잠동,3020010300,대정동,2021-10-01
120,121,공동주택(다세대/연립),3000000000,대전광역시,3020000000,유성구,3020052000,진잠동,3020010300,대정동,2021-10-01
121,122,단독주택(다가구),3000000000,대전광역시,3020000000,유성구,3020052000,진잠동,3020010300,대정동,2021-10-01
122,123,단독주택(다가구),3000000000,대전광역시,3020000000,유성구,3020052000,진잠동,3020010300,대정동,2021-10-01
123,124,단독주택(다가구),3000000000,대전광역시,3020000000,유성구,3020052000,진잠동,3020010300,대정동,2021-10-01
124,125,공동주택(다세대/연립),3000000000,대전광역시,3020000000,유성구,3020052000,진잠동,3020010300,대정동,2021-10-01
125,126,공동주택(다세대/연립),3000000000,대전광역시,3020000000,유성구,3020052000,진잠동,3020010300,대정동,2021-10-01
126,127,공동주택(다세대/연립),3000000000,대전광역시,3020000000,유성구,3020052000,진잠동,3020010300,대정동,2021-10-01
127,128,공동주택(다세대/연립),3000000000,대전광역시,3020000000,유성구,3020052000,진잠동,3020010300,대정동,2021-10-01
128,129,공동주택(다세대/연립),3000000000,대전광역시,3020000000,유성구,3020052000,진잠동,3020010300,대정동,2021-10-01
129,130,공동주택(다세대/연립),3000000000,대전광역시,3020000000,유성구,3020052000,진잠동,3020010300,대정동,2021-10-01
130,131,공동주택(다세대/연립),3000000000,대전광역시,3020000000,유성구,3020052000,진잠동,3020010300,대정동,2021-10-01
131,132,공동주택(다세대/연립),3000000000,대전광역시,3020000000,유성구,3020052000,진잠동,3020010300,대정동,2021-10-01
132,133,공동주택(다세대/연립),3000000000,대전광역시,3020000000,유성구,3020052000,진잠동,3020010300,대정동,2021-10-01
133,134,공동주택(다세대/연립),3000000000,대전광역시,3020000000,유성구,3020052000,진잠동,3020010300,대정동,2021-10-01
134,135,공동주택(다세대/연립),3000000000,대전광역시,3020000000,유성구,3020052000,진잠동,3020010300,대정동,2021-10-01
135,136,공동주택(다세대/연립),3000000000,대전광역시,3020000000,유성구,3020052000,진잠동,3020010300,대정동,2021-10-01
136,137,단독주택(다가구),3000000000,대전광역시,3020000000,유성구,3020052000,진잠동,3020010300,대정동,2021-10-01
137,138,공동주택(다세대/연립),3000000000,대전광역시,3020000000,유성구,3020052000,진잠동,3020010300,대정동,2021-10-01
138,139,그 외 주택,3000000000,대전광역시,3020000000,유성구,3020052000,진잠동,3020010300,대정동,2021-10-01
139,140,그 외 주택,3000000000,대전광역시,3020000000,유성구,3020052000,진잠동,3020010300,대정동,2021-10-01
140,141,공동주택(다세대/연립),3000000000,대전광역시,3020000000,유성구,3020052000,진잠동,3020010300,대정동,2021-10-01
141,142,단독주택(다가구),3000000000,대전광역시,3020000000,유성구,3020052000,진잠동,3020010300,대정동,2021-10-01
142,143,공동주택(다세대/연립),3000000000,대전광역시,3020000000,유성구,3020052000,진잠동,3020010300,대정동,2021-10-01
143,144,공동주택(다세대/연립),3000000000,대전광역시,3020000000,유성구,3020052000,진잠동,3020010300,대정동,2021-10-01
144,145,공동주택(다세대/연립),3000000000,대전광역시,3020000000,유성구,3020052000,진잠동,3020010300,대정동,2021-10-01
145,146,공동주택(다세대/연립),3000000000,대전광역시,3020000000,유성구,3020052000,진잠동,3020010300,대정동,2021-10-01
146,147,공동주택(다세대/연립),3000000000,대전광역시,3020000000,유성구,3020052000,진잠동,3020010300,대정동,2021-10-01
147,148,공동주택(다세대/연립),3000000000,대전광역시,3020000000,유성구,3020052000,진잠동,3020010300,대정동,2021-10-01
148,149,공동주택(다세대/연립),3000000000,대전광역시,3020000000,유성구,3020052000,진잠동,3020010300,대정동,2021-10-01
149,150,공동주택(다세대/연립),3000000000,대전광역시,3020000000,유성구,3020052000,진잠동,3020010300,대정동,2021-10-01
150,151,공동주택(다세대/연립),3000000000,대전광역시,3020000000,유성구,3020052000,진잠동,3020010300,대정동,2021-10-01
151,152,공동주택(다세대/연립),3000000000,대전광역시,3020000000,유성구,3020052000,진잠동,3020010300,대정동,2021-10-01
152,153,공동주택(다세대/연립),3000000000,대전광역시,3020000000,유성구,3020052000,진잠동,3020010300,대정동,2021-10-01
153,154,공동주택(다세대/연립),3000000000,대전광역시,3020000000,유성구,3020052000,진잠동,3020010300,대정동,2021-10-01
154,155,공동주택(다세대/연립),3000000000,대전광역시,3020000000,유성구,3020052000,진잠동,3020010300,대정동,2021-10-01
155,156,공동주택(다세대/연립),3000000000,대전광역시,3020000000,유성구,3020052000,진잠동,3020010300,대정동,2021-10-01
156,157,공동주택(다세대/연립),3000000000,대전광역시,3020000000,유성구,3020052000,진잠동,3020010300,대정동,2021-10-01
157,158,공동주택(다세대/연립),3000000000,대전광역시,3020000000,유성구,3020052000,진잠동,3020010300,대정동,2021-10-01
158,159,공동주택(다세대/연립),3000000000,대전광역시,3020000000,유성구,3020052000,진잠동,3020010300,대정동,2021-10-01
159,160,공동주택(다세대/연립),3000000000,대전광역시,3020000000,유성구,3020052000,진잠동,3020010300,대정동,2021-10-01
160,161,공동주택(다세대/연립),3000000000,대전광역시,3020000000,유성구,3020052000,진잠동,3020010300,대정동,2021-10-01
161,162,단독주택(다가구),3000000000,대전광역시,3020000000,유성구,3020052000,진잠동,3020010300,대정동,2021-10-01
162,163,단독주택(다가구),3000000000,대전광역시,3020000000,유성구,3020052000,진잠동,3020010300,대정동,2021-10-01
163,164,단독주택(다가구),3000000000,대전광역시,3020000000,유성구,3020052000,진잠동,3020010300,대정동,2021-10-01
164,165,단독주택(다가구),3000000000,대전광역시,3020000000,유성구,3020052000,진잠동,3020010300,대정동,2021-10-01
165,166,단독주택(다가구),3000000000,대전광역시,3020000000,유성구,3020052000,진잠동,3020010300,대정동,2021-10-01
166,167,단독주택(다가구),3000000000,대전광역시,3020000000,유성구,3020052000,진잠동,3020010300,대정동,2021-10-01
167,168,단독주택(다가구),3000000000,대전광역시,3020000000,유성구,3020052000,진잠동,3020010300,대정동,2021-10-01
168,169,단독주택(다가구),3000000000,대전광역시,3020000000,유성구,3020052000,진잠동,3020010300,대정동,2021-10-01
169,170,단독주택(다가구),3000000000,대전광역시,3020000000,유성구,3020052000,진잠동,3020010300,대정동,2021-10-01
170,171,단독주택(다가구),3000000000,대전광역시,3020000000,유성구,3020052000,진잠동,3020010300,대정동,2021-10-01
171,172,단독주택(다가구),3000000000,대전광역시,3020000000,유성구,3020052000,진잠동,3020010300,대정동,2021-10-01
172,173,단독주택(다가구),3000000000,대전광역시,3020000000,유성구,3020052000,진잠동,3020010300,대정동,2021-10-01
173,174,단독주택(다가구),3000000000,대전광역시,3020000000,유성구,3020052000,진잠동,3020010300,대정동,2021-10-01
174,175,단독주택(다가구),3000000000,대전광역시,3020000000,유성구,3020052000,진잠동,3020010300,대정동,2021-10-01
175,176,단독주택(다가구),3000000000,대전광역시,3020000000,유성구,3020052000,진잠동,3020010300,대정동,2021-10-01
176,177,그 외 주택,3000000000,대전광역시,3020000000,유성구,3020052000,진잠동,3020010400,용계동,2021-10-01
177,178,공동주택(다세대/연립),3000000000,대전광역시,3020000000,유성구,3020052000,진잠동,3020010400,용계동,2021-10-01
178,179,공동주택(다세대/연립),3000000000,대전광역시,3020000000,유성구,3020052000,진잠동,3020010400,용계동,2021-10-01
179,180,공동주택(다세대/연립),3000000000,대전광역시,3020000000,유성구,3020052000,진잠동,3020010400,용계동,2021-10-01
180,181,공동주택(다세대/연립),3000000000,대전광역시,3020000000,유성구,3020052000,진잠동,3020010400,용계동,2021-10-01
181,182,공동주택(다세대/연립),3000000000,대전광역시,3020000000,유성구,3020052000,진잠동,3020010400,용계동,2021-10-01
182,183,공동주택(다세대/연립),3000000000,대전광역시,3020000000,유성구,3020052000,진잠동,3020010400,용계동,2021-10-01
183,184,공동주택(다세대/연립),3000000000,대전광역시,3020000000,유성구,3020052000,진잠동,3020010400,용계동,2021-10-01
184,185,공동주택(다세대/연립),3000000000,대전광역시,3020000000,유성구,3020052000,진잠동,3020010400,용계동,2021-10-01
185,186,공동주택(다세대/연립),3000000000,대전광역시,3020000000,유성구,3020052000,진잠동,3020010400,용계동,2021-10-01
186,187,공동주택(다세대/연립),3000000000,대전광역시,3020000000,유성구,3020052000,진잠동,3020010400,용계동,2021-10-01
187,188,공동주택(다세대/연립),3000000000,대전광역시,3020000000,유성구,3020052000,진잠동,3020010400,용계동,2021-10-01
188,189,공동주택(다세대/연립),3000000000,대전광역시,3020000000,유성구,3020052000,진잠동,3020010400,용계동,2021-10-01
189,190,공동주택(다세대/연립),3000000000,대전광역시,3020000000,유성구,3020052000,진잠동,3020010400,용계동,2021-10-01
190,191,공동주택(다세대/연립),3000000000,대전광역시,3020000000,유성구,3020052000,진잠동,3020010400,용계동,2021-10-01
191,192,공동주택(다세대/연립),3000000000,대전광역시,3020000000,유성구,3020052000,진잠동,3020010400,용계동,2021-10-01
192,193,공동주택(다세대/연립),3000000000,대전광역시,3020000000,유성구,3020052000,진잠동,3020010400,용계동,2021-10-01
193,194,공동주택(다세대/연립),3000000000,대전광역시,3020000000,유성구,3020052000,진잠동,3020010400,용계동,2021-10-01
194,195,공동주택(다세대/연립),3000000000,대전광역시,3020000000,유성구,3020052000,진잠동,3020010400,용계동,2021-10-01
195,196,공동주택(다세대/연립),3000000000,대전광역시,3020000000,유성구,3020052000,진잠동,3020010400,용계동,2021-10-01
196,197,공동주택(다세대/연립),3000000000,대전광역시,3020000000,유성구,3020052000,진잠동,3020010400,용계동,2021-10-01
197,198,공동주택(다세대/연립),3000000000,대전광역시,3020000000,유성구,3020052000,진잠동,3020010400,용계동,2021-10-01
198,199,공동주택(다세대/연립),3000000000,대전광역시,3020000000,유성구,3020052000,진잠동,3020010400,용계동,2021-10-01
199,200,공동주택(다세대/연립),3000000000,대전광역시,3020000000,유성구,3020052000,진잠동,3020010400,용계동,2021-10-01
200,201,공동주택(다세대/연립),3000000000,대전광역시,3020000000,유성구,3020052000,진잠동,3020010400,용계동,2021-10-01
201,202,공동주택(다세대/연립),3000000000,대전광역시,3020000000,유성구,3020052000,진잠동,3020010400,용계동,2021-10-01
202,203,공동주택(다세대/연립),3000000000,대전광역시,3020000000,유성구,3020052000,진잠동,3020010400,용계동,2021-10-01
203,204,공동주택(다세대/연립),3000000000,대전광역시,3020000000,유성구,3020052000,진잠동,3020010400,용계동,2021-10-01
204,205,공동주택(다세대/연립),3000000000,대전광역시,3020000000,유성구,3020052000,진잠동,3020010400,용계동,2021-10-01
205,206,공동주택(다세대/연립),3000000000,대전광역시,3020000000,유성구,3020052000,진잠동,3020010400,용계동,2021-10-01
206,207,공동주택(다세대/연립),3000000000,대전광역시,3020000000,유성구,3020052000,진잠동,3020010400,용계동,2021-10-01
207,208,공동주택(다세대/연립),3000000000,대전광역시,3020000000,유성구,3020052000,진잠동,3020010400,용계동,2021-10-01
208,209,공동주택(다세대/연립),3000000000,대전광역시,3020000000,유성구,3020052000,진잠동,3020010400,용계동,2021-10-01
209,210,공동주택(다세대/연립),3000000000,대전광역시,3020000000,유성구,3020052000,진잠동,3020010400,용계동,2021-10-01
210,211,공동주택(다세대/연립),3000000000,대전광역시,3020000000,유성구,3020052000,진잠동,3020010400,용계동,2021-10-01
211,212,공동주택(다세대/연립),3000000000,대전광역시,3020000000,유성구,3020052000,진잠동,3020010400,용계동,2021-10-01
212,213,공동주택(다세대/연립),3000000000,대전광역시,3020000000,유성구,3020052000,진잠동,3020010400,용계동,2021-10-01
213,214,공동주택(다세대/연립),3000000000,대전광역시,3020000000,유성구,3020052000,진잠동,3020010400,용계동,2021-10-01
214,215,공동주택(다세대/연립),3000000000,대전광역시,3020000000,유성구,3020052000,진잠동,3020010400,용계동,2021-10-01
215,216,공동주택(다세대/연립),3000000000,대전광역시,3020000000,유성구,3020052000,진잠동,3020010400,용계동,2021-10-01
216,217,공동주택(다세대/연립),3000000000,대전광역시,3020000000,유성구,3020052000,진잠동,3020010400,용계동,2021-10-01
217,218,공동주택(다세대/연립),3000000000,대전광역시,3020000000,유성구,3020052000,진잠동,3020010400,용계동,2021-10-01
218,219,공동주택(다세대/연립),3000000000,대전광역시,3020000000,유성구,3020052000,진잠동,3020010400,용계동,2021-10-01
219,220,공동주택(다세대/연립),3000000000,대전광역시,3020000000,유성구,3020052000,진잠동,3020010400,용계동,2021-10-01
220,221,공동주택(다세대/연립),3000000000,대전광역시,3020000000,유성구,3020052000,진잠동,3020010400,용계동,2021-10-01
221,222,공동주택(다세대/연립),3000000000,대전광역시,3020000000,유성구,3020052000,진잠동,3020010400,용계동,2021-10-01
222,223,공동주택(다세대/연립),3000000000,대전광역시,3020000000,유성구,3020052000,진잠동,3020010400,용계동,2021-10-01
223,224,공동주택(다세대/연립),3000000000,대전광역시,3020000000,유성구,3020052000,진잠동,3020010400,용계동,2021-10-01
224,225,공동주택(다세대/연립),3000000000,대전광역시,3020000000,유성구,3020052000,진잠동,3020010400,용계동,2021-10-01
225,226,공동주택(다세대/연립),3000000000,대전광역시,3020000000,유성구,3020052000,진잠동,3020010400,용계동,2021-10-01
226,227,공동주택(다세대/연립),3000000000,대전광역시,3020000000,유성구,3020052000,진잠동,3020010400,용계동,2021-10-01
227,228,공동주택(다세대/연립),3000000000,대전광역시,3020000000,유성구,3020052000,진잠동,3020010400,용계동,2021-10-01
228,229,공동주택(다세대/연립),3000000000,대전광역시,3020000000,유성구,3020052000,진잠동,3020010400,용계동,2021-10-01
229,230,공동주택(다세대/연립),3000000000,대전광역시,3020000000,유성구,3020052000,진잠동,3020010400,용계동,2021-10-01
230,231,공동주택(다세대/연립),3000000000,대전광역시,3020000000,유성구,3020052000,진잠동,3020010400,용계동,2021-10-01
231,232,공동주택(다세대/연립),3000000000,대전광역시,3020000000,유성구,3020052000,진잠동,3020010400,용계동,2021-10-01
232,233,공동주택(다세대/연립),3000000000,대전광역시,3020000000,유성구,3020052000,진잠동,3020010400,용계동,2021-10-01
233,234,공동주택(다세대/연립),3000000000,대전광역시,3020000000,유성구,3020052000,진잠동,3020010400,용계동,2021-10-01
234,235,공동주택(다세대/연립),3000000000,대전광역시,3020000000,유성구,3020052000,진잠동,3020010400,용계동,2021-10-01
235,236,공동주택(다세대/연립),3000000000,대전광역시,3020000000,유성구,3020052000,진잠동,3020010400,용계동,2021-10-01
236,237,공동주택(다세대/연립),3000000000,대전광역시,3020000000,유성구,3020052000,진잠동,3020010400,용계동,2021-10-01
237,238,공동주택(다세대/연립),3000000000,대전광역시,3020000000,유성구,3020052000,진잠동,3020010400,용계동,2021-10-01
238,239,공동주택(다세대/연립),3000000000,대전광역시,3020000000,유성구,3020052000,진잠동,3020010400,용계동,2021-10-01
239,240,공동주택(다세대/연립),3000000000,대전광역시,3020000000,유성구,3020052000,진잠동,3020010400,용계동,2021-10-01
240,241,공동주택(다세대/연립),3000000000,대전광역시,3020000000,유성구,3020052000,진잠동,3020010400,용계동,2021-10-01
241,242,공동주택(다세대/연립),3000000000,대전광역시,3020000000,유성구,3020052000,진잠동,3020010400,용계동,2021-10-01
242,243,단독주택(다가구),3000000000,대전광역시,3020000000,유성구,3020052000,진잠동,3020010400,용계동,2021-10-01
243,244,단독주택(다가구),3000000000,대전광역시,3020000000,유성구,3020052000,진잠동,3020010400,용계동,2021-10-01
244,245,공동주택(다세대/연립),3000000000,대전광역시,3020000000,유성구,3020052000,진잠동,3020010400,용계동,2021-10-01
245,246,공동주택(다세대/연립),3000000000,대전광역시,3020000000,유성구,3020052000,진잠동,3020010400,용계동,2021-10-01
246,247,공동주택(다세대/연립),3000000000,대전광역시,3020000000,유성구,3020052000,진잠동,3020010400,용계동,2021-10-01
247,248,공동주택(다세대/연립),3000000000,대전광역시,3020000000,유성구,3020052000,진잠동,3020010400,용계동,2021-10-01
248,249,공동주택(다세대/연립),3000000000,대전광역시,3020000000,유성구,3020052000,진잠동,3020010400,용계동,2021-10-01
249,250,공동주택(다세대/연립),3000000000,대전광역시,3020000000,유성구,3020052000,진잠동,3020010400,용계동,2021-10-01
250,251,공동주택(다세대/연립),3000000000,대전광역시,3020000000,유성구,3020052000,진잠동,3020010400,용계동,2021-10-01
251,252,공동주택(다세대/연립),3000000000,대전광역시,3020000000,유성구,3020052000,진잠동,3020010400,용계동,2021-10-01
252,253,공동주택(다세대/연립),3000000000,대전광역시,3020000000,유성구,3020052000,진잠동,3020010400,용계동,2021-10-01
253,254,공동주택(다세대/연립),3000000000,대전광역시,3020000000,유성구,3020052000,진잠동,3020010400,용계동,2021-10-01
254,255,공동주택(다세대/연립),3000000000,대전광역시,3020000000,유성구,3020052000,진잠동,3020010400,용계동,2021-10-01
255,256,공동주택(다세대/연립),3000000000,대전광역시,3020000000,유성구,3020052000,진잠동,3020010400,용계동,2021-10-01
256,257,공동주택(다세대/연립),3000000000,대전광역시,3020000000,유성구,3020052000,진잠동,3020010400,용계동,2021-10-01
257,258,공동주택(다세대/연립),3000000000,대전광역시,3020000000,유성구,3020052000,진잠동,3020010400,용계동,2021-10-01
258,259,공동주택(다세대/연립),3000000000,대전광역시,3020000000,유성구,3020052000,진잠동,3020010400,용계동,2021-10-01
259,260,공동주택(다세대/연립),3000000000,대전광역시,3020000000,유성구,3020052000,진잠동,3020010400,용계동,2021-10-01
260,261,공동주택(다세대/연립),3000000000,대전광역시,3020000000,유성구,3020052000,진잠동,3020010400,용계동,2021-10-01
261,262,공동주택(다세대/연립),3000000000,대전광역시,3020000000,유성구,3020052000,진잠동,3020010400,용계동,2021-10-01
262,263,단독주택(다가구),3000000000,대전광역시,3020000000,유성구,3020052000,진잠동,3020010400,용계동,2021-10-01
263,264,단독주택(다가구),3000000000,대전광역시,3020000000,유성구,3020052000,진잠동,3020010400,용계동,2021-10-01
264,265,단독주택(다가구),3000000000,대전광역시,3020000000,유성구,3020052000,진잠동,3020010400,용계동,2021-10-01
265,266,공동주택(다세대/연립),3000000000,대전광역시,3020000000,유성구,3020052000,진잠동,3020010400,용계동,2021-10-01
266,267,공동주택(다세대/연립),3000000000,대전광역시,3020000000,유성구,3020052000,진잠동,3020010400,용계동,2021-10-01
267,268,공동주택(다세대/연립),3000000000,대전광역시,3020000000,유성구,3020052000,진잠동,3020010400,용계동,2021-10-01
268,269,공동주택(다세대/연립),3000000000,대전광역시,3020000000,유성구,3020052000,진잠동,3020010400,용계동,2021-10-01
269,270,공동주택(다세대/연립),3000000000,대전광역시,3020000000,유성구,3020052000,진잠동,3020010400,용계동,2021-10-01
270,271,공동주택(다세대/연립),3000000000,대전광역시,3020000000,유성구,3020052000,진잠동,3020010400,용계동,2021-10-01
271,272,공동주택(다세대/연립),3000000000,대전광역시,3020000000,유성구,3020052000,진잠동,3020010400,용계동,2021-10-01
272,273,공동주택(다세대/연립),3000000000,대전광역시,3020000000,유성구,3020052000,진잠동,3020010400,용계동,2021-10-01
273,274,공동주택(다세대/연립),3000000000,대전광역시,3020000000,유성구,3020052000,진잠동,3020010400,용계동,2021-10-01
274,275,공동주택(다세대/연립),3000000000,대전광역시,3020000000,유성구,3020052000,진잠동,3020010400,용계동,2021-10-01
275,276,공동주택(다세대/연립),3000000000,대전광역시,3020000000,유성구,3020052000,진잠동,3020010400,용계동,2021-10-01
276,277,공동주택(다세대/연립),3000000000,대전광역시,3020000000,유성구,3020052000,진잠동,3020010400,용계동,2021-10-01
277,278,공동주택(다세대/연립),3000000000,대전광역시,3020000000,유성구,3020052000,진잠동,3020010400,용계동,2021-10-01
278,279,공동주택(다세대/연립),3000000000,대전광역시,3020000000,유성구,3020052000,진잠동,3020010400,용계동,2021-10-01
279,280,공동주택(다세대/연립),3000000000,대전광역시,3020000000,유성구,3020052000,진잠동,3020010400,용계동,2021-10-01
280,281,공동주택(다세대/연립),3000000000,대전광역시,3020000000,유성구,3020052000,진잠동,3020010400,용계동,2021-10-01
281,282,공동주택(다세대/연립),3000000000,대전광역시,3020000000,유성구,3020052000,진잠동,3020010400,용계동,2021-10-01
282,283,공동주택(다세대/연립),3000000000,대전광역시,3020000000,유성구,3020052000,진잠동,3020010400,용계동,2021-10-01
283,284,공동주택(다세대/연립),3000000000,대전광역시,3020000000,유성구,3020052000,진잠동,3020010400,용계동,2021-10-01
284,285,공동주택(다세대/연립),3000000000,대전광역시,3020000000,유성구,3020052000,진잠동,3020010400,용계동,2021-10-01
285,286,공동주택(다세대/연립),3000000000,대전광역시,3020000000,유성구,3020052000,진잠동,3020010400,용계동,2021-10-01
286,287,공동주택(다세대/연립),3000000000,대전광역시,3020000000,유성구,3020052000,진잠동,3020010400,용계동,2021-10-01
287,288,공동주택(다세대/연립),3000000000,대전광역시,3020000000,유성구,3020052000,진잠동,3020010400,용계동,2021-10-01
288,289,공동주택(다세대/연립),3000000000,대전광역시,3020000000,유성구,3020052000,진잠동,3020010400,용계동,2021-10-01
289,290,공동주택(다세대/연립),3000000000,대전광역시,3020000000,유성구,3020052000,진잠동,3020010400,용계동,2021-10-01
290,291,공동주택(다세대/연립),3000000000,대전광역시,3020000000,유성구,3020052000,진잠동,3020010400,용계동,2021-10-01
291,292,공동주택(다세대/연립),3000000000,대전광역시,3020000000,유성구,3020052000,진잠동,3020010400,용계동,2021-10-01
292,293,공동주택(다세대/연립),3000000000,대전광역시,3020000000,유성구,3020052000,진잠동,3020010400,용계동,2021-10-01
293,294,공동주택(다세대/연립),3000000000,대전광역시,3020000000,유성구,3020052000,진잠동,3020010400,용계동,2021-10-01
294,295,공동주택(다세대/연립),3000000000,대전광역시,3020000000,유성구,3020052000,진잠동,3020010400,용계동,2021-10-01
295,296,공동주택(다세대/연립),3000000000,대전광역시,3020000000,유성구,3020052000,진잠동,3020010400,용계동,2021-10-01
296,297,공동주택(다세대/연립),3000000000,대전광역시,3020000000,유성구,3020052000,진잠동,3020010400,용계동,2021-10-01
297,298,공동주택(다세대/연립),3000000000,대전광역시,3020000000,유성구,3020052000,진잠동,3020010400,용계동,2021-10-01
298,299,공동주택(다세대/연립),3000000000,대전광역시,3020000000,유성구,3020052000,진잠동,3020010400,용계동,2021-10-01
299,300,공동주택(다세대/연립),3000000000,대전광역시,3020000000,유성구,3020052000,진잠동,3020010400,용계동,2021-10-01
300,301,공동주택(다세대/연립),3000000000,대전광역시,3020000000,유성구,3020052000,진잠동,3020010400,용계동,2021-10-01
301,302,공동주택(다세대/연립),3000000000,대전광역시,3020000000,유성구,3020052000,진잠동,3020010400,용계동,2021-10-01
302,303,공동주택(다세대/연립),3000000000,대전광역시,3020000000,유성구,3020052000,진잠동,3020010400,용계동,2021-10-01
303,304,공동주택(다세대/연립),3000000000,대전광역시,3020000000,유성구,3020052000,진잠동,3020010400,용계동,2021-10-01
304,305,공동주택(다세대/연립),3000000000,대전광역시,3020000000,유성구,3020052000,진잠동,3020010400,용계동,2021-10-01
305,306,공동주택(다세대/연립),3000000000,대전광역시,3020000000,유성구,3020052000,진잠동,3020010400,용계동,2021-10-01
306,307,공동주택(다세대/연립),3000000000,대전광역시,3020000000,유성구,3020052000,진잠동,3020010400,용계동,2021-10-01
307,308,공동주택(다세대/연립),3000000000,대전광역시,3020000000,유성구,3020052000,진잠동,3020010400,용계동,2021-10-01
308,309,공동주택(다세대/연립),3000000000,대전광역시,3020000000,유성구,3020052000,진잠동,3020010400,용계동,2021-10-01
309,310,공동주택(다세대/연립),3000000000,대전광역시,3020000000,유성구,3020052000,진잠동,3020010400,용계동,2021-10-01
310,311,공동주택(다세대/연립),3000000000,대전광역시,3020000000,유성구,3020052000,진잠동,3020010400,용계동,2021-10-01
311,312,공동주택(다세대/연립),3000000000,대전광역시,3020000000,유성구,3020052000,진잠동,3020010400,용계동,2021-10-01
312,313,공동주택(다세대/연립),3000000000,대전광역시,3020000000,유성구,3020052000,진잠동,3020010400,용계동,2021-10-01
313,314,공동주택(다세대/연립),3000000000,대전광역시,3020000000,유성구,3020052000,진잠동,3020010400,용계동,2021-10-01
314,315,공동주택(다세대/연립),3000000000,대전광역시,3020000000,유성구,3020052000,진잠동,3020010400,용계동,2021-10-01
315,316,공동주택(다세대/연립),3000000000,대전광역시,3020000000,유성구,3020052000,진잠동,3020010400,용계동,2021-10-01
316,317,공동주택(다세대/연립),3000000000,대전광역시,3020000000,유성구,3020052000,진잠동,3020010400,용계동,2021-10-01
317,318,단독주택(다가구),3000000000,대전광역시,3020000000,유성구,3020052000,진잠동,3020010400,용계동,2021-10-01
318,319,공동주택(다세대/연립),3000000000,대전광역시,3020000000,유성구,3020052000,진잠동,3020010400,용계동,2021-10-01
319,320,공동주택(다세대/연립),3000000000,대전광역시,3020000000,유성구,3020052000,진잠동,3020010400,용계동,2021-10-01
320,321,공동주택(다세대/연립),3000000000,대전광역시,3020000000,유성구,3020052000,진잠동,3020010400,용계동,2021-10-01
321,322,공동주택(다세대/연립),3000000000,대전광역시,3020000000,유성구,3020052000,진잠동,3020010400,용계동,2021-10-01
322,323,공동주택(다세대/연립),3000000000,대전광역시,3020000000,유성구,3020052000,진잠동,3020010400,용계동,2021-10-01
323,324,공동주택(다세대/연립),3000000000,대전광역시,3020000000,유성구,3020052000,진잠동,3020010400,용계동,2021-10-01
324,325,공동주택(다세대/연립),3000000000,대전광역시,3020000000,유성구,3020052000,진잠동,3020010400,용계동,2021-10-01
325,326,공동주택(다세대/연립),3000000000,대전광역시,3020000000,유성구,3020052000,진잠동,3020010400,용계동,2021-10-01
326,327,공동주택(다세대/연립),3000000000,대전광역시,3020000000,유성구,3020052000,진잠동,3020010400,용계동,2021-10-01
327,328,공동주택(다세대/연립),3000000000,대전광역시,3020000000,유성구,3020052000,진잠동,3020010400,용계동,2021-10-01
328,329,그 외 주택,3000000000,대전광역시,3020000000,유성구,3020052000,진잠동,3020010400,용계동,2021-10-01
329,330,공동주택(다세대/연립),3000000000,대전광역시,3020000000,유성구,3020052000,진잠동,3020010400,용계동,2021-10-01
330,331,그 외 주택,3000000000,대전광역시,3020000000,유성구,3020052000,진잠동,3020010400,용계동,2021-10-01
331,332,공동주택(다세대/연립),3000000000,대전광역시,3020000000,유성구,3020052000,진잠동,3020010400,용계동,2021-10-01
332,333,공동주택(다세대/연립),3000000000,대전광역시,3020000000,유성구,3020052000,진잠동,3020010400,용계동,2021-10-01
333,334,공동주택(다세대/연립),3000000000,대전광역시,3020000000,유성구,3020052000,진잠동,3020010400,용계동,2021-10-01
334,335,공동주택(다세대/연립),3000000000,대전광역시,3020000000,유성구,3020052000,진잠동,3020010400,용계동,2021-10-01
335,336,공동주택(다세대/연립),3000000000,대전광역시,3020000000,유성구,3020052000,진잠동,3020010400,용계동,2021-10-01
336,337,공동주택(다세대/연립),3000000000,대전광역시,3020000000,유성구,3020052000,진잠동,3020010400,용계동,2021-10-01
337,338,공동주택(다세대/연립),3000000000,대전광역시,3020000000,유성구,3020052000,진잠동,3020010400,용계동,2021-10-01
338,339,공동주택(다세대/연립),3000000000,대전광역시,3020000000,유성구,3020052000,진잠동,3020010400,용계동,2021-10-01
339,340,공동주택(다세대/연립),3000000000,대전광역시,3020000000,유성구,3020052000,진잠동,3020010400,용계동,2021-10-01
340,341,공동주택(다세대/연립),3000000000,대전광역시,3020000000,유성구,3020052000,진잠동,3020010400,용계동,2021-10-01
341,342,공동주택(다세대/연립),3000000000,대전광역시,3020000000,유성구,3020052000,진잠동,3020010400,용계동,2021-10-01
342,343,공동주택(다세대/연립),3000000000,대전광역시,3020000000,유성구,3020052000,진잠동,3020010400,용계동,2021-10-01
343,344,공동주택(다세대/연립),3000000000,대전광역시,3020000000,유성구,3020052000,진잠동,3020010400,용계동,2021-10-01
344,345,공동주택(다세대/연립),3000000000,대전광역시,3020000000,유성구,3020052000,진잠동,3020010400,용계동,2021-10-01
345,346,공동주택(다세대/연립),3000000000,대전광역시,3020000000,유성구,3020052000,진잠동,3020010400,용계동,2021-10-01
346,347,공동주택(다세대/연립),3000000000,대전광역시,3020000000,유성구,3020052000,진잠동,3020010400,용계동,2021-10-01
347,348,공동주택(다세대/연립),3000000000,대전광역시,3020000000,유성구,3020052000,진잠동,3020010400,용계동,2021-10-01
348,349,공동주택(다세대/연립),3000000000,대전광역시,3020000000,유성구,3020052000,진잠동,3020010400,용계동,2021-10-01
349,350,공동주택(다세대/연립),3000000000,대전광역시,3020000000,유성구,3020052000,진잠동,3020010400,용계동,2021-10-01
350,351,공동주택(다세대/연립),3000000000,대전광역시,3020000000,유성구,3020052000,진잠동,3020010400,용계동,2021-10-01
351,352,공동주택(다세대/연립),3000000000,대전광역시,3020000000,유성구,3020052000,진잠동,3020010400,용계동,2021-10-01
352,353,공동주택(다세대/연립),3000000000,대전광역시,3020000000,유성구,3020052000,진잠동,3020010400,용계동,2021-10-01
353,354,공동주택(다세대/연립),3000000000,대전광역시,3020000000,유성구,3020052000,진잠동,3020010400,용계동,2021-10-01
354,355,공동주택(다세대/연립),3000000000,대전광역시,3020000000,유성구,3020052000,진잠동,3020010400,용계동,2021-10-01
355,356,공동주택(다세대/연립),3000000000,대전광역시,3020000000,유성구,3020052000,진잠동,3020010400,용계동,2021-10-01
356,357,공동주택(다세대/연립),3000000000,대전광역시,3020000000,유성구,3020052000,진잠동,3020010400,용계동,2021-10-01
357,358,공동주택(다세대/연립),3000000000,대전광역시,3020000000,유성구,3020052000,진잠동,3020010400,용계동,2021-10-01
358,359,공동주택(다세대/연립),3000000000,대전광역시,3020000000,유성구,3020052000,진잠동,3020010400,용계동,2021-10-01
359,360,공동주택(다세대/연립),3000000000,대전광역시,3020000000,유성구,3020052000,진잠동,3020010400,용계동,2021-10-01
360,361,공동주택(다세대/연립),3000000000,대전광역시,3020000000,유성구,3020052000,진잠동,3020010400,용계동,2021-10-01
361,362,공동주택(다세대/연립),3000000000,대전광역시,3020000000,유성구,3020052000,진잠동,3020010400,용계동,2021-10-01
362,363,공동주택(다세대/연립),3000000000,대전광역시,3020000000,유성구,3020052000,진잠동,3020010400,용계동,2021-10-01
363,364,공동주택(다세대/연립),3000000000,대전광역시,3020000000,유성구,3020052000,진잠동,3020010400,용계동,2021-10-01
364,365,공동주택(다세대/연립),3000000000,대전광역시,3020000000,유성구,3020052000,진잠동,3020010400,용계동,2021-10-01
365,366,공동주택(다세대/연립),3000000000,대전광역시,3020000000,유성구,3020052000,진잠동,3020010400,용계동,2021-10-01
366,367,공동주택(다세대/연립),3000000000,대전광역시,3020000000,유성구,3020052000,진잠동,3020010400,용계동,2021-10-01
367,368,단독주택(다가구),3000000000,대전광역시,3020000000,유성구,3020052000,진잠동,3020010400,용계동,2021-10-01
368,369,단독주택(다가구),3000000000,대전광역시,3020000000,유성구,3020052000,진잠동,3020010400,용계동,2021-10-01
369,370,공동주택(다세대/연립),3000000000,대전광역시,3020000000,유성구,3020052000,진잠동,3020010400,용계동,2021-10-01
370,371,공동주택(다세대/연립),3000000000,대전광역시,3020000000,유성구,3020052000,진잠동,3020010400,용계동,2021-10-01
371,372,공동주택(다세대/연립),3000000000,대전광역시,3020000000,유성구,3020052000,진잠동,3020010400,용계동,2021-10-01
372,373,공동주택(다세대/연립),3000000000,대전광역시,3020000000,유성구,3020052000,진잠동,3020010400,용계동,2021-10-01
373,374,공동주택(다세대/연립),3000000000,대전광역시,3020000000,유성구,3020052000,진잠동,3020010400,용계동,2021-10-01
374,375,공동주택(다세대/연립),3000000000,대전광역시,3020000000,유성구,3020052000,진잠동,3020010400,용계동,2021-10-01
375,376,공동주택(다세대/연립),3000000000,대전광역시,3020000000,유성구,3020052000,진잠동,3020010400,용계동,2021-10-01
376,377,공동주택(다세대/연립),3000000000,대전광역시,3020000000,유성구,3020052000,진잠동,3020010400,용계동,2021-10-01
377,378,공동주택(다세대/연립),3000000000,대전광역시,3020000000,유성구,3020052000,진잠동,3020010400,용계동,2021-10-01
378,379,공동주택(다세대/연립),3000000000,대전광역시,3020000000,유성구,3020052000,진잠동,3020010400,용계동,2021-10-01
379,380,공동주택(다세대/연립),3000000000,대전광역시,3020000000,유성구,3020052000,진잠동,3020010400,용계동,2021-10-01
380,381,공동주택(다세대/연립),3000000000,대전광역시,3020000000,유성구,3020052000,진잠동,3020010400,용계동,2021-10-01
381,382,공동주택(다세대/연립),3000000000,대전광역시,3020000000,유성구,3020052000,진잠동,3020010400,용계동,2021-10-01
382,383,공동주택(다세대/연립),3000000000,대전광역시,3020000000,유성구,3020052000,진잠동,3020010400,용계동,2021-10-01
383,384,공동주택(다세대/연립),3000000000,대전광역시,3020000000,유성구,3020052000,진잠동,3020010400,용계동,2021-10-01
384,385,단독주택(다가구),3000000000,대전광역시,3020000000,유성구,3020052000,진잠동,3020010400,용계동,2021-10-01
385,386,단독주택(다가구),3000000000,대전광역시,3020000000,유성구,3020052000,진잠동,3020010400,용계동,2021-10-01
386,387,단독주택(다가구),3000000000,대전광역시,3020000000,유성구,3020052000,진잠동,3020010400,용계동,2021-10-01
387,388,단독주택(다가구),3000000000,대전광역시,3020000000,유성구,3020052000,진잠동,3020010400,용계동,2021-10-01
388,389,공동주택(다세대/연립),3000000000,대전광역시,3020000000,유성구,3020052000,진잠동,3020010400,용계동,2021-10-01
389,390,그 외 주택,3000000000,대전광역시,3020000000,유성구,3020052000,진잠동,3020010400,용계동,2021-10-01
390,391,공동주택(다세대/연립),3000000000,대전광역시,3020000000,유성구,3020052000,진잠동,3020010400,용계동,2021-10-01
391,392,공동주택(다세대/연립),3000000000,대전광역시,3020000000,유성구,3020052000,진잠동,3020010400,용계동,2021-10-01
392,393,공동주택(다세대/연립),3000000000,대전광역시,3020000000,유성구,3020052000,진잠동,3020010400,용계동,2021-10-01
393,394,공동주택(다세대/연립),3000000000,대전광역시,3020000000,유성구,3020052000,진잠동,3020010400,용계동,2021-10-01
394,395,공동주택(다세대/연립),3000000000,대전광역시,3020000000,유성구,3020052000,진잠동,3020010400,용계동,2021-10-01
395,396,공동주택(다세대/연립),3000000000,대전광역시,3020000000,유성구,3020052000,진잠동,3020010400,용계동,2021-10-01
396,397,공동주택(다세대/연립),3000000000,대전광역시,3020000000,유성구,3020052000,진잠동,3020010400,용계동,2021-10-01
397,398,공동주택(다세대/연립),3000000000,대전광역시,3020000000,유성구,3020052000,진잠동,3020010400,용계동,2021-10-01
398,399,공동주택(다세대/연립),3000000000,대전광역시,3020000000,유성구,3020052000,진잠동,3020010400,용계동,2021-10-01
399,400,공동주택(다세대/연립),3000000000,대전광역시,3020000000,유성구,3020052000,진잠동,3020010400,용계동,2021-10-01
400,401,공동주택(다세대/연립),3000000000,대전광역시,3020000000,유성구,3020052000,진잠동,3020010400,용계동,2021-10-01
401,402,공동주택(다세대/연립),3000000000,대전광역시,3020000000,유성구,3020052000,진잠동,3020010400,용계동,2021-10-01
402,403,공동주택(다세대/연립),3000000000,대전광역시,3020000000,유성구,3020052000,진잠동,3020010400,용계동,2021-10-01
403,404,공동주택(다세대/연립),3000000000,대전광역시,3020000000,유성구,3020052000,진잠동,3020010400,용계동,2021-10-01
404,405,공동주택(다세대/연립),3000000000,대전광역시,3020000000,유성구,3020052000,진잠동,3020010400,용계동,2021-10-01
405,406,공동주택(다세대/연립),3000000000,대전광역시,3020000000,유성구,3020052000,진잠동,3020010400,용계동,2021-10-01
406,407,공동주택(다세대/연립),3000000000,대전광역시,3020000000,유성구,3020052000,진잠동,3020010400,용계동,2021-10-01
407,408,공동주택(다세대/연립),3000000000,대전광역시,3020000000,유성구,3020052000,진잠동,3020010400,용계동,2021-10-01
408,409,공동주택(다세대/연립),3000000000,대전광역시,3020000000,유성구,3020052000,진잠동,3020010400,용계동,2021-10-01
409,410,공동주택(다세대/연립),3000000000,대전광역시,3020000000,유성구,3020052000,진잠동,3020010400,용계동,2021-10-01
410,411,공동주택(다세대/연립),3000000000,대전광역시,3020000000,유성구,3020052000,진잠동,3020010400,용계동,2021-10-01
411,412,공동주택(다세대/연립),3000000000,대전광역시,3020000000,유성구,3020052000,진잠동,3020010400,용계동,2021-10-01
412,413,공동주택(다세대/연립),3000000000,대전광역시,3020000000,유성구,3020052000,진잠동,3020010400,용계동,2021-10-01
413,414,공동주택(다세대/연립),3000000000,대전광역시,3020000000,유성구,3020052000,진잠동,3020010400,용계동,2021-10-01
414,415,공동주택(다세대/연립),3000000000,대전광역시,3020000000,유성구,3020052000,진잠동,3020010400,용계동,2021-10-01
415,416,공동주택(다세대/연립),3000000000,대전광역시,3020000000,유성구,3020052000,진잠동,3020010400,용계동,2021-10-01
416,417,공동주택(다세대/연립),3000000000,대전광역시,3020000000,유성구,3020052000,진잠동,3020010400,용계동,2021-10-01
417,418,공동주택(다세대/연립),3000000000,대전광역시,3020000000,유성구,3020052000,진잠동,3020010400,용계동,2021-10-01
418,419,공동주택(다세대/연립),3000000000,대전광역시,3020000000,유성구,3020052000,진잠동,3020010400,용계동,2021-10-01
419,420,공동주택(다세대/연립),3000000000,대전광역시,3020000000,유성구,3020052000,진잠동,3020010400,용계동,2021-10-01
420,421,공동주택(다세대/연립),3000000000,대전광역시,3020000000,유성구,3020052000,진잠동,3020010400,용계동,2021-10-01
421,422,공동주택(다세대/연립),3000000000,대전광역시,3020000000,유성구,3020052000,진잠동,3020010400,용계동,2021-10-01
422,423,공동주택(다세대/연립),3000000000,대전광역시,3020000000,유성구,3020052000,진잠동,3020010400,용계동,2021-10-01
423,424,공동주택(다세대/연립),3000000000,대전광역시,3020000000,유성구,3020052000,진잠동,3020010400,용계동,2021-10-01
424,425,공동주택(다세대/연립),3000000000,대전광역시,3020000000,유성구,3020052000,진잠동,3020010400,용계동,2021-10-01
425,426,공동주택(다세대/연립),3000000000,대전광역시,3020000000,유성구,3020052000,진잠동,3020010400,용계동,2021-10-01
426,427,공동주택(다세대/연립),3000000000,대전광역시,3020000000,유성구,3020052000,진잠동,3020010400,용계동,2021-10-01
427,428,공동주택(다세대/연립),3000000000,대전광역시,3020000000,유성구,3020052000,진잠동,3020010400,용계동,2021-10-01
428,429,그 외 주택,3000000000,대전광역시,3020000000,유성구,3020052000,진잠동,3020010400,용계동,2021-10-01
429,430,그 외 주택,3000000000,대전광역시,3020000000,유성구,3020052000,진잠동,3020010400,용계동,2021-10-01
430,431,그 외 주택,3000000000,대전광역시,3020000000,유성구,3020052000,진잠동,3020010400,용계동,2021-10-01
431,432,공동주택(다세대/연립),3000000000,대전광역시,3020000000,유성구,3020052000,진잠동,3020010400,용계동,2021-10-01
432,433,공동주택(다세대/연립),3000000000,대전광역시,3020000000,유성구,3020052000,진잠동,3020010400,용계동,2021-10-01
433,434,공동주택(다세대/연립),3000000000,대전광역시,3020000000,유성구,3020052000,진잠동,3020010400,용계동,2021-10-01
434,435,그 외 주택,3000000000,대전광역시,3020000000,유성구,3020052000,진잠동,3020010400,용계동,2021-10-01
435,436,그 외 주택,3000000000,대전광역시,3020000000,유성구,3020052000,진잠동,3020010400,용계동,2021-10-01
436,437,공동주택(다세대/연립),3000000000,대전광역시,3020000000,유성구,3020052000,진잠동,3020010400,용계동,2021-10-01
437,438,공동주택(다세대/연립),3000000000,대전광역시,3020000000,유성구,3020052000,진잠동,3020010400,용계동,2021-10-01
438,439,공동주택(다세대/연립),3000000000,대전광역시,3020000000,유성구,3020052000,진잠동,3020010400,용계동,2021-10-01
439,440,공동주택(다세대/연립),3000000000,대전광역시,3020000000,유성구,3020052000,진잠동,3020010400,용계동,2021-10-01
440,441,공동주택(다세대/연립),3000000000,대전광역시,3020000000,유성구,3020052000,진잠동,3020010400,용계동,2021-10-01
441,442,그 외 주택,3000000000,대전광역시,3020000000,유성구,3020052000,진잠동,3020010400,용계동,2021-10-01
442,443,그 외 주택,3000000000,대전광역시,3020000000,유성구,3020052000,진잠동,3020010400,용계동,2021-10-01
443,444,공동주택(다세대/연립),3000000000,대전광역시,3020000000,유성구,3020052000,진잠동,3020010400,용계동,2021-10-01
444,445,공동주택(다세대/연립),3000000000,대전광역시,3020000000,유성구,3020052000,진잠동,3020010400,용계동,2021-10-01
445,446,공동주택(다세대/연립),3000000000,대전광역시,3020000000,유성구,3020052000,진잠동,3020010400,용계동,2021-10-01
446,447,공동주택(다세대/연립),3000000000,대전광역시,3020000000,유성구,3020052000,진잠동,3020010400,용계동,2021-10-01
447,448,공동주택(다세대/연립),3000000000,대전광역시,3020000000,유성구,3020052000,진잠동,3020010400,용계동,2021-10-01
448,449,공동주택(다세대/연립),3000000000,대전광역시,3020000000,유성구,3020052000,진잠동,3020010400,용계동,2021-10-01
449,450,공동주택(다세대/연립),3000000000,대전광역시,3020000000,유성구,3020052000,진잠동,3020010400,용계동,2021-10-01
450,451,공동주택(다세대/연립),3000000000,대전광역시,3020000000,유성구,3020052000,진잠동,3020010400,용계동,2021-10-01
451,452,공동주택(다세대/연립),3000000000,대전광역시,3020000000,유성구,3020052000,진잠동,3020010400,용계동,2021-10-01
452,453,공동주택(다세대/연립),3000000000,대전광역시,3020000000,유성구,3020052000,진잠동,3020010400,용계동,2021-10-01
453,454,공동주택(다세대/연립),3000000000,대전광역시,3020000000,유성구,3020052000,진잠동,3020010400,용계동,2021-10-01
454,455,공동주택(다세대/연립),3000000000,대전광역시,3020000000,유성구,3020052000,진잠동,3020010400,용계동,2021-10-01
455,456,공동주택(다세대/연립),3000000000,대전광역시,3020000000,유성구,3020052000,진잠동,3020010400,용계동,2021-10-01
456,457,공동주택(다세대/연립),3000000000,대전광역시,3020000000,유성구,3020052000,진잠동,3020010400,용계동,2021-10-01
457,458,공동주택(다세대/연립),3000000000,대전광역시,3020000000,유성구,3020052000,진잠동,3020010400,용계동,2021-10-01
458,459,공동주택(다세대/연립),3000000000,대전광역시,3020000000,유성구,3020052000,진잠동,3020010400,용계동,2021-10-01
459,460,공동주택(다세대/연립),3000000000,대전광역시,3020000000,유성구,3020052000,진잠동,3020010400,용계동,2021-10-01
460,461,공동주택(다세대/연립),3000000000,대전광역시,3020000000,유성구,3020052000,진잠동,3020010400,용계동,2021-10-01
461,462,공동주택(다세대/연립),3000000000,대전광역시,3020000000,유성구,3020052000,진잠동,3020010400,용계동,2021-10-01
462,463,그 외 주택,3000000000,대전광역시,3020000000,유성구,3020052000,진잠동,3020010400,용계동,2021-10-01
463,464,공동주택(다세대/연립),3000000000,대전광역시,3020000000,유성구,3020052000,진잠동,3020010400,용계동,2021-10-01
464,465,공동주택(다세대/연립),3000000000,대전광역시,3020000000,유성구,3020052000,진잠동,3020010400,용계동,2021-10-01
465,466,공동주택(다세대/연립),3000000000,대전광역시,3020000000,유성구,3020052000,진잠동,3020010400,용계동,2021-10-01
466,467,공동주택(다세대/연립),3000000000,대전광역시,3020000000,유성구,3020052000,진잠동,3020010400,용계동,2021-10-01
467,468,공동주택(다세대/연립),3000000000,대전광역시,3020000000,유성구,3020052000,진잠동,3020010400,용계동,2021-10-01
468,469,공동주택(다세대/연립),3000000000,대전광역시,3020000000,유성구,3020052000,진잠동,3020010400,용계동,2021-10-01
469,470,공동주택(다세대/연립),3000000000,대전광역시,3020000000,유성구,3020052000,진잠동,3020010400,용계동,2021-10-01
470,471,공동주택(다세대/연립),3000000000,대전광역시,3020000000,유성구,3020052000,진잠동,3020010400,용계동,2021-10-01
471,472,그 외 주택,3000000000,대전광역시,3020000000,유성구,3020052000,진잠동,3020010400,용계동,2021-10-01
472,473,공동주택(다세대/연립),3000000000,대전광역시,3020000000,유성구,3020052000,진잠동,3020010400,용계동,2021-10-01
473,474,공동주택(다세대/연립),3000000000,대전광역시,3020000000,유성구,3020052000,진잠동,3020010400,용계동,2021-10-01
474,475,공동주택(다세대/연립),3000000000,대전광역시,3020000000,유성구,3020052000,진잠동,3020010400,용계동,2021-10-01
475,476,공동주택(다세대/연립),3000000000,대전광역시,3020000000,유성구,3020052000,진잠동,3020010400,용계동,2021-10-01
476,477,공동주택(다세대/연립),3000000000,대전광역시,3020000000,유성구,3020052000,진잠동,3020010400,용계동,2021-10-01
477,478,공동주택(다세대/연립),3000000000,대전광역시,3020000000,유성구,3020052000,진잠동,3020010400,용계동,2021-10-01
478,479,공동주택(다세대/연립),3000000000,대전광역시,3020000000,유성구,3020052000,진잠동,3020010400,용계동,2021-10-01
479,480,공동주택(다세대/연립),3000000000,대전광역시,3020000000,유성구,3020052000,진잠동,3020010400,용계동,2021-10-01
480,481,공동주택(다세대/연립),3000000000,대전광역시,3020000000,유성구,3020052000,진잠동,3020010400,용계동,2021-10-01
481,482,공동주택(다세대/연립),3000000000,대전광역시,3020000000,유성구,3020052000,진잠동,3020010400,용계동,2021-10-01
482,483,공동주택(다세대/연립),3000000000,대전광역시,3020000000,유성구,3020052000,진잠동,3020010400,용계동,2021-10-01
483,484,공동주택(다세대/연립),3000000000,대전광역시,3020000000,유성구,3020052000,진잠동,3020010400,용계동,2021-10-01
484,485,공동주택(다세대/연립),3000000000,대전광역시,3020000000,유성구,3020052000,진잠동,3020010400,용계동,2021-10-01
485,486,공동주택(다세대/연립),3000000000,대전광역시,3020000000,유성구,3020052000,진잠동,3020010400,용계동,2021-10-01
486,487,공동주택(다세대/연립),3000000000,대전광역시,3020000000,유성구,3020052000,진잠동,3020010400,용계동,2021-10-01
487,488,공동주택(다세대/연립),3000000000,대전광역시,3020000000,유성구,3020052000,진잠동,3020010400,용계동,2021-10-01
488,489,공동주택(다세대/연립),3000000000,대전광역시,3020000000,유성구,3020052000,진잠동,3020010400,용계동,2021-10-01
489,490,공동주택(다세대/연립),3000000000,대전광역시,3020000000,유성구,3020052000,진잠동,3020010400,용계동,2021-10-01
490,491,공동주택(다세대/연립),3000000000,대전광역시,3020000000,유성구,3020052000,진잠동,3020010400,용계동,2021-10-01
491,492,공동주택(다세대/연립),3000000000,대전광역시,3020000000,유성구,3020052000,진잠동,3020010400,용계동,2021-10-01
492,493,공동주택(다세대/연립),3000000000,대전광역시,3020000000,유성구,3020052000,진잠동,3020010400,용계동,2021-10-01
493,494,공동주택(다세대/연립),3000000000,대전광역시,3020000000,유성구,3020052000,진잠동,3020010400,용계동,2021-10-01
494,495,공동주택(다세대/연립),3000000000,대전광역시,3020000000,유성구,3020052000,진잠동,3020010400,용계동,2021-10-01
495,496,공동주택(다세대/연립),3000000000,대전광역시,3020000000,유성구,3020052000,진잠동,3020010400,용계동,2021-10-01
496,497,공동주택(다세대/연립),3000000000,대전광역시,3020000000,유성구,3020052000,진잠동,3020010400,용계동,2021-10-01
497,498,공동주택(다세대/연립),3000000000,대전광역시,3020000000,유성구,3020052000,진잠동,3020010400,용계동,2021-10-01
498,499,단독주택(다가구),3000000000,대전광역시,3020000000,유성구,3020052000,진잠동,3020010400,용계동,2021-10-01
499,500,단독주택(다가구),3000000000,대전광역시,3020000000,유성구,3020052000,진잠동,3020010400,용계동,2021-10-01
500,501,단독주택(다가구),3000000000,대전광역시,3020000000,유성구,3020052000,진잠동,3020010400,용계동,2021-10-01
501,502,단독주택(다가구),3000000000,대전광역시,3020000000,유성구,3020052000,진잠동,3020010400,용계동,2021-10-01
502,503,단독주택(다가구),3000000000,대전광역시,3020000000,유성구,3020052000,진잠동,3020010400,용계동,2021-10-01
503,504,단독주택(다가구),3000000000,대전광역시,3020000000,유성구,3020052000,진잠동,3020010400,용계동,2021-10-01
504,505,단독주택(다가구),3000000000,대전광역시,3020000000,유성구,3020052000,진잠동,3020010400,용계동,2021-10-01
505,506,단독주택(다가구),3000000000,대전광역시,3020000000,유성구,3020052000,진잠동,3020010400,용계동,2021-10-01
506,507,그 외 주택,3000000000,대전광역시,3020000000,유성구,3020052000,진잠동,3020010400,용계동,2021-10-01
507,508,공동주택(다세대/연립),3000000000,대전광역시,3020000000,유성구,3020052000,진잠동,3020010400,용계동,2021-10-01
508,509,공동주택(다세대/연립),3000000000,대전광역시,3020000000,유성구,3020052000,진잠동,3020010400,용계동,2021-10-01
509,510,공동주택(다세대/연립),3000000000,대전광역시,3020000000,유성구,3020052000,진잠동,3020010400,용계동,2021-10-01
510,511,공동주택(다세대/연립),3000000000,대전광역시,3020000000,유성구,3020052000,진잠동,3020010400,용계동,2021-10-01
511,512,공동주택(다세대/연립),3000000000,대전광역시,3020000000,유성구,3020052000,진잠동,3020010400,용계동,2021-10-01
512,513,공동주택(다세대/연립),3000000000,대전광역시,3020000000,유성구,3020052000,진잠동,3020010400,용계동,2021-10-01
513,514,공동주택(다세대/연립),3000000000,대전광역시,3020000000,유성구,3020052000,진잠동,3020010400,용계동,2021-10-01
514,657,그 외 주택,3000000000,대전광역시,3020000000,유성구,3020052000,진잠동,3020010800,세동,2021-10-01
515,515,공동주택(다세대/연립),3000000000,대전광역시,3020000000,유성구,3020052000,진잠동,3020010400,용계동,2021-10-01
516,516,공동주택(다세대/연립),3000000000,대전광역시,3020000000,유성구,3020052000,진잠동,3020010400,용계동,2021-10-01
517,517,공동주택(다세대/연립),3000000000,대전광역시,3020000000,유성구,3020052000,진잠동,3020010400,용계동,2021-10-01
518,518,공동주택(다세대/연립),3000000000,대전광역시,3020000000,유성구,3020052000,진잠동,3020010400,용계동,2021-10-01
519,519,공동주택(다세대/연립),3000000000,대전광역시,3020000000,유성구,3020052000,진잠동,3020010400,용계동,2021-10-01
520,520,공동주택(다세대/연립),3000000000,대전광역시,3020000000,유성구,3020052000,진잠동,3020010400,용계동,2021-10-01
521,521,공동주택(다세대/연립),3000000000,대전광역시,3020000000,유성구,3020052000,진잠동,3020010400,용계동,2021-10-01
522,522,단독주택(다가구),3000000000,대전광역시,3020000000,유성구,3020052000,진잠동,3020010400,용계동,2021-10-01
523,523,그 외 주택,3000000000,대전광역시,3020000000,유성구,3020052000,진잠동,3020010400,용계동,2021-10-01
524,524,공동주택(다세대/연립),3000000000,대전광역시,3020000000,유성구,3020052000,진잠동,3020010400,용계동,2021-10-01
525,525,공동주택(다세대/연립),3000000000,대전광역시,3020000000,유성구,3020052000,진잠동,3020010400,용계동,2021-10-01
526,526,공동주택(다세대/연립),3000000000,대전광역시,3020000000,유성구,3020052000,진잠동,3020010400,용계동,2021-10-01
527,527,공동주택(다세대/연립),3000000000,대전광역시,3020000000,유성구,3020052000,진잠동,3020010400,용계동,2021-10-01
528,528,공동주택(다세대/연립),3000000000,대전광역시,3020000000,유성구,3020052000,진잠동,3020010400,용계동,2021-10-01
529,529,공동주택(다세대/연립),3000000000,대전광역시,3020000000,유성구,3020052000,진잠동,3020010400,용계동,2021-10-01
530,530,공동주택(다세대/연립),3000000000,대전광역시,3020000000,유성구,3020052000,진잠동,3020010400,용계동,2021-10-01
531,531,공동주택(다세대/연립),3000000000,대전광역시,3020000000,유성구,3020052000,진잠동,3020010400,용계동,2021-10-01
532,532,공동주택(다세대/연립),3000000000,대전광역시,3020000000,유성구,3020052000,진잠동,3020010400,용계동,2021-10-01
533,533,공동주택(다세대/연립),3000000000,대전광역시,3020000000,유성구,3020052000,진잠동,3020010400,용계동,2021-10-01
534,534,공동주택(다세대/연립),3000000000,대전광역시,3020000000,유성구,3020052000,진잠동,3020010400,용계동,2021-10-01
535,535,공동주택(다세대/연립),3000000000,대전광역시,3020000000,유성구,3020052000,진잠동,3020010400,용계동,2021-10-01
536,536,공동주택(다세대/연립),3000000000,대전광역시,3020000000,유성구,3020052000,진잠동,3020010400,용계동,2021-10-01
537,537,공동주택(다세대/연립),3000000000,대전광역시,3020000000,유성구,3020052000,진잠동,3020010400,용계동,2021-10-01
538,538,공동주택(다세대/연립),3000000000,대전광역시,3020000000,유성구,3020052000,진잠동,3020010400,용계동,2021-10-01
539,539,공동주택(다세대/연립),3000000000,대전광역시,3020000000,유성구,3020052000,진잠동,3020010400,용계동,2021-10-01
540,540,공동주택(다세대/연립),3000000000,대전광역시,3020000000,유성구,3020052000,진잠동,3020010400,용계동,2021-10-01
541,541,공동주택(다세대/연립),3000000000,대전광역시,3020000000,유성구,3020052000,진잠동,3020010400,용계동,2021-10-01
542,542,공동주택(다세대/연립),3000000000,대전광역시,3020000000,유성구,3020052000,진잠동,3020010400,용계동,2021-10-01
543,543,공동주택(다세대/연립),3000000000,대전광역시,3020000000,유성구,3020052000,진잠동,3020010400,용계동,2021-10-01
544,544,공동주택(다세대/연립),3000000000,대전광역시,3020000000,유성구,3020052000,진잠동,3020010400,용계동,2021-10-01
545,545,공동주택(다세대/연립),3000000000,대전광역시,3020000000,유성구,3020052000,진잠동,3020010400,용계동,2021-10-01
546,546,공동주택(다세대/연립),3000000000,대전광역시,3020000000,유성구,3020052000,진잠동,3020010400,용계동,2021-10-01
547,547,공동주택(다세대/연립),3000000000,대전광역시,3020000000,유성구,3020052000,진잠동,3020010400,용계동,2021-10-01
548,548,공동주택(다세대/연립),3000000000,대전광역시,3020000000,유성구,3020052000,진잠동,3020010400,용계동,2021-10-01
549,549,공동주택(다세대/연립),3000000000,대전광역시,3020000000,유성구,3020052000,진잠동,3020010400,용계동,2021-10-01
550,550,공동주택(다세대/연립),3000000000,대전광역시,3020000000,유성구,3020052000,진잠동,3020010400,용계동,2021-10-01
551,551,공동주택(다세대/연립),3000000000,대전광역시,3020000000,유성구,3020052000,진잠동,3020010400,용계동,2021-10-01
552,552,공동주택(다세대/연립),3000000000,대전광역시,3020000000,유성구,3020052000,진잠동,3020010400,용계동,2021-10-01
553,553,공동주택(다세대/연립),3000000000,대전광역시,3020000000,유성구,3020052000,진잠동,3020010400,용계동,2021-10-01
554,554,공동주택(다세대/연립),3000000000,대전광역시,3020000000,유성구,3020052000,진잠동,3020010400,용계동,2021-10-01
555,555,공동주택(다세대/연립),3000000000,대전광역시,3020000000,유성구,3020052000,진잠동,3020010400,용계동,2021-10-01
556,556,공동주택(다세대/연립),3000000000,대전광역시,3020000000,유성구,3020052000,진잠동,3020010400,용계동,2021-10-01
557,557,공동주택(다세대/연립),3000000000,대전광역시,3020000000,유성구,3020052000,진잠동,3020010400,용계동,2021-10-01
558,558,공동주택(다세대/연립),3000000000,대전광역시,3020000000,유성구,3020052000,진잠동,3020010400,용계동,2021-10-01
559,559,공동주택(다세대/연립),3000000000,대전광역시,3020000000,유성구,3020052000,진잠동,3020010400,용계동,2021-10-01
560,560,공동주택(다세대/연립),3000000000,대전광역시,3020000000,유성구,3020052000,진잠동,3020010400,용계동,2021-10-01
561,561,공동주택(다세대/연립),3000000000,대전광역시,3020000000,유성구,3020052000,진잠동,3020010400,용계동,2021-10-01
562,562,공동주택(다세대/연립),3000000000,대전광역시,3020000000,유성구,3020052000,진잠동,3020010400,용계동,2021-10-01
563,563,공동주택(다세대/연립),3000000000,대전광역시,3020000000,유성구,3020052000,진잠동,3020010400,용계동,2021-10-01
564,564,공동주택(다세대/연립),3000000000,대전광역시,3020000000,유성구,3020052000,진잠동,3020010400,용계동,2021-10-01
565,565,공동주택(다세대/연립),3000000000,대전광역시,3020000000,유성구,3020052000,진잠동,3020010400,용계동,2021-10-01
566,566,공동주택(다세대/연립),3000000000,대전광역시,3020000000,유성구,3020052000,진잠동,3020010400,용계동,2021-10-01
567,567,공동주택(다세대/연립),3000000000,대전광역시,3020000000,유성구,3020052000,진잠동,3020010400,용계동,2021-10-01
568,568,공동주택(다세대/연립),3000000000,대전광역시,3020000000,유성구,3020052000,진잠동,3020010400,용계동,2021-10-01
569,569,공동주택(다세대/연립),3000000000,대전광역시,3020000000,유성구,3020052000,진잠동,3020010400,용계동,2021-10-01
570,570,공동주택(다세대/연립),3000000000,대전광역시,3020000000,유성구,3020052000,진잠동,3020010400,용계동,2021-10-01
571,571,공동주택(다세대/연립),3000000000,대전광역시,3020000000,유성구,3020052000,진잠동,3020010400,용계동,2021-10-01
572,572,공동주택(다세대/연립),3000000000,대전광역시,3020000000,유성구,3020052000,진잠동,3020010400,용계동,2021-10-01
573,573,공동주택(다세대/연립),3000000000,대전광역시,3020000000,유성구,3020052000,진잠동,3020010400,용계동,2021-10-01
574,574,공동주택(다세대/연립),3000000000,대전광역시,3020000000,유성구,3020052000,진잠동,3020010400,용계동,2021-10-01
575,575,공동주택(다세대/연립),3000000000,대전광역시,3020000000,유성구,3020052000,진잠동,3020010400,용계동,2021-10-01
576,576,공동주택(다세대/연립),3000000000,대전광역시,3020000000,유성구,3020052000,진잠동,3020010400,용계동,2021-10-01
577,577,공동주택(다세대/연립),3000000000,대전광역시,3020000000,유성구,3020052000,진잠동,3020010400,용계동,2021-10-01
578,578,공동주택(다세대/연립),3000000000,대전광역시,3020000000,유성구,3020052000,진잠동,3020010400,용계동,2021-10-01
579,579,공동주택(다세대/연립),3000000000,대전광역시,3020000000,유성구,3020052000,진잠동,3020010400,용계동,2021-10-01
580,580,공동주택(다세대/연립),3000000000,대전광역시,3020000000,유성구,3020052000,진잠동,3020010400,용계동,2021-10-01
581,581,공동주택(다세대/연립),3000000000,대전광역시,3020000000,유성구,3020052000,진잠동,3020010400,용계동,2021-10-01
582,582,공동주택(다세대/연립),3000000000,대전광역시,3020000000,유성구,3020052000,진잠동,3020010400,용계동,2021-10-01
583,583,공동주택(다세대/연립),3000000000,대전광역시,3020000000,유성구,3020052000,진잠동,3020010400,용계동,2021-10-01
584,584,공동주택(다세대/연립),3000000000,대전광역시,3020000000,유성구,3020052000,진잠동,3020010400,용계동,2021-10-01
585,585,공동주택(다세대/연립),3000000000,대전광역시,3020000000,유성구,3020052000,진잠동,3020010400,용계동,2021-10-01
586,586,공동주택(다세대/연립),3000000000,대전광역시,3020000000,유성구,3020052000,진잠동,3020010400,용계동,2021-10-01
587,587,공동주택(다세대/연립),3000000000,대전광역시,3020000000,유성구,3020052000,진잠동,3020010400,용계동,2021-10-01
588,588,공동주택(다세대/연립),3000000000,대전광역시,3020000000,유성구,3020052000,진잠동,3020010400,용계동,2021-10-01
589,589,공동주택(다세대/연립),3000000000,대전광역시,3020000000,유성구,3020052000,진잠동,3020010400,용계동,2021-10-01
590,590,공동주택(다세대/연립),3000000000,대전광역시,3020000000,유성구,3020052000,진잠동,3020010400,용계동,2021-10-01
591,591,공동주택(다세대/연립),3000000000,대전광역시,3020000000,유성구,3020052000,진잠동,3020010400,용계동,2021-10-01
592,592,공동주택(다세대/연립),3000000000,대전광역시,3020000000,유성구,3020052000,진잠동,3020010400,용계동,2021-10-01
593,593,공동주택(다세대/연립),3000000000,대전광역시,3020000000,유성구,3020052000,진잠동,3020010400,용계동,2021-10-01
594,594,공동주택(다세대/연립),3000000000,대전광역시,3020000000,유성구,3020052000,진잠동,3020010400,용계동,2021-10-01
595,595,공동주택(다세대/연립),3000000000,대전광역시,3020000000,유성구,3020052000,진잠동,3020010400,용계동,2021-10-01
596,596,단독주택(다가구),3000000000,대전광역시,3020000000,유성구,3020052000,진잠동,3020010400,용계동,2021-10-01
597,597,공동주택(다세대/연립),3000000000,대전광역시,3020000000,유성구,3020052000,진잠동,3020010400,용계동,2021-10-01
598,598,공동주택(다세대/연립),3000000000,대전광역시,3020000000,유성구,3020052000,진잠동,3020010400,용계동,2021-10-01
599,599,공동주택(다세대/연립),3000000000,대전광역시,3020000000,유성구,3020052000,진잠동,3020010400,용계동,2021-10-01
600,600,공동주택(다세대/연립),3000000000,대전광역시,3020000000,유성구,3020052000,진잠동,3020010400,용계동,2021-10-01
601,601,공동주택(다세대/연립),3000000000,대전광역시,3020000000,유성구,3020052000,진잠동,3020010400,용계동,2021-10-01
602,602,공동주택(다세대/연립),3000000000,대전광역시,3020000000,유성구,3020052000,진잠동,3020010400,용계동,2021-10-01
603,603,공동주택(다세대/연립),3000000000,대전광역시,3020000000,유성구,3020052000,진잠동,3020010400,용계동,2021-10-01
604,604,공동주택(다세대/연립),3000000000,대전광역시,3020000000,유성구,3020052000,진잠동,3020010400,용계동,2021-10-01
605,605,공동주택(다세대/연립),3000000000,대전광역시,3020000000,유성구,3020052000,진잠동,3020010400,용계동,2021-10-01
606,606,공동주택(다세대/연립),3000000000,대전광역시,3020000000,유성구,3020052000,진잠동,3020010400,용계동,2021-10-01
607,607,공동주택(다세대/연립),3000000000,대전광역시,3020000000,유성구,3020052000,진잠동,3020010400,용계동,2021-10-01
608,608,공동주택(다세대/연립),3000000000,대전광역시,3020000000,유성구,3020052000,진잠동,3020010400,용계동,2021-10-01
609,609,공동주택(다세대/연립),3000000000,대전광역시,3020000000,유성구,3020052000,진잠동,3020010400,용계동,2021-10-01
610,610,공동주택(다세대/연립),3000000000,대전광역시,3020000000,유성구,3020052000,진잠동,3020010400,용계동,2021-10-01
611,611,그 외 주택,3000000000,대전광역시,3020000000,유성구,3020052000,진잠동,3020010400,용계동,2021-10-01
612,612,공동주택(다세대/연립),3000000000,대전광역시,3020000000,유성구,3020052000,진잠동,3020010400,용계동,2021-10-01
613,613,공동주택(다세대/연립),3000000000,대전광역시,3020000000,유성구,3020052000,진잠동,3020010400,용계동,2021-10-01
614,614,공동주택(다세대/연립),3000000000,대전광역시,3020000000,유성구,3020052000,진잠동,3020010400,용계동,2021-10-01
615,615,공동주택(다세대/연립),3000000000,대전광역시,3020000000,유성구,3020052000,진잠동,3020010400,용계동,2021-10-01
616,616,공동주택(다세대/연립),3000000000,대전광역시,3020000000,유성구,3020052000,진잠동,3020010400,용계동,2021-10-01
617,617,공동주택(다세대/연립),3000000000,대전광역시,3020000000,유성구,3020052000,진잠동,3020010400,용계동,2021-10-01
618,618,공동주택(다세대/연립),3000000000,대전광역시,3020000000,유성구,3020052000,진잠동,3020010400,용계동,2021-10-01
619,619,공동주택(다세대/연립),3000000000,대전광역시,3020000000,유성구,3020052000,진잠동,3020010400,용계동,2021-10-01
620,620,공동주택(다세대/연립),3000000000,대전광역시,3020000000,유성구,3020052000,진잠동,3020010400,용계동,2021-10-01
621,621,공동주택(다세대/연립),3000000000,대전광역시,3020000000,유성구,3020052000,진잠동,3020010400,용계동,2021-10-01
622,622,공동주택(다세대/연립),3000000000,대전광역시,3020000000,유성구,3020052000,진잠동,3020010400,용계동,2021-10-01
623,623,공동주택(다세대/연립),3000000000,대전광역시,3020000000,유성구,3020052000,진잠동,3020010400,용계동,2021-10-01
624,624,공동주택(다세대/연립),3000000000,대전광역시,3020000000,유성구,3020052000,진잠동,3020010400,용계동,2021-10-01
625,625,공동주택(다세대/연립),3000000000,대전광역시,3020000000,유성구,3020052000,진잠동,3020010400,용계동,2021-10-01
626,626,공동주택(다세대/연립),3000000000,대전광역시,3020000000,유성구,3020052000,진잠동,3020010400,용계동,2021-10-01
627,627,공동주택(다세대/연립),3000000000,대전광역시,3020000000,유성구,3020052000,진잠동,3020010400,용계동,2021-10-01
628,628,공동주택(다세대/연립),3000000000,대전광역시,3020000000,유성구,3020052000,진잠동,3020010400,용계동,2021-10-01
629,629,공동주택(다세대/연립),3000000000,대전광역시,3020000000,유성구,3020052000,진잠동,3020010400,용계동,2021-10-01
630,630,공동주택(다세대/연립),3000000000,대전광역시,3020000000,유성구,3020052000,진잠동,3020010400,용계동,2021-10-01
631,631,공동주택(다세대/연립),3000000000,대전광역시,3020000000,유성구,3020052000,진잠동,3020010400,용계동,2021-10-01
632,632,단독주택(다가구),3000000000,대전광역시,3020000000,유성구,3020052000,진잠동,3020010400,용계동,2021-10-01
633,633,단독주택(다가구),3000000000,대전광역시,3020000000,유성구,3020052000,진잠동,3020010400,용계동,2021-10-01
634,634,단독주택(다가구),3000000000,대전광역시,3020000000,유성구,3020052600,학하동,3020010500,학하동,2021-10-01
635,635,단독주택(다가구),3000000000,대전광역시,3020000000,유성구,3020052600,학하동,3020010500,학하동,2021-10-01
636,636,단독주택(다가구),3000000000,대전광역시,3020000000,유성구,3020052600,학하동,3020010500,학하동,2021-10-01
637,637,단독주택(다가구),3000000000,대전광역시,3020000000,유성구,3020052600,학하동,3020010600,계산동,2021-10-01
638,638,단독주택(다가구),3000000000,대전광역시,3020000000,유성구,3020052600,학하동,3020010600,계산동,2021-10-01
639,639,단독주택(다가구),3000000000,대전광역시,3020000000,유성구,3020052000,진잠동,3020010700,성북동,2021-10-01
640,640,단독주택(다가구),3000000000,대전광역시,3020000000,유성구,3020052000,진잠동,3020010700,성북동,2021-10-01
641,641,단독주택(다가구),3000000000,대전광역시,3020000000,유성구,3020052000,진잠동,3020010700,성북동,2021-10-01
642,642,단독주택(다가구),3000000000,대전광역시,3020000000,유성구,3020052000,진잠동,3020010700,성북동,2021-10-01
643,643,단독주택(다가구),3000000000,대전광역시,3020000000,유성구,3020052000,진잠동,3020010700,성북동,2021-10-01
644,644,단독주택(다가구),3000000000,대전광역시,3020000000,유성구,3020052000,진잠동,3020010700,성북동,2021-10-01
645,645,단독주택(다가구),3000000000,대전광역시,3020000000,유성구,3020052000,진잠동,3020010700,성북동,2021-10-01
646,646,단독주택(다가구),3000000000,대전광역시,3020000000,유성구,3020052000,진잠동,3020010700,성북동,2021-10-01
647,647,그 외 주택,3000000000,대전광역시,3020000000,유성구,3020052000,진잠동,3020010700,성북동,2021-10-01
648,648,단독주택(다가구),3000000000,대전광역시,3020000000,유성구,3020052000,진잠동,3020010800,세동,2021-10-01
649,649,그 외 주택,3000000000,대전광역시,3020000000,유성구,3020052000,진잠동,3020010800,세동,2021-10-01
650,650,그 외 주택,3000000000,대전광역시,3020000000,유성구,3020052000,진잠동,3020010800,세동,2021-10-01
651,651,단독주택(다가구),3000000000,대전광역시,3020000000,유성구,3020052000,진잠동,3020010800,세동,2021-10-01
652,652,그 외 주택,3000000000,대전광역시,3020000000,유성구,3020052000,진잠동,3020010800,세동,2021-10-01
653,653,단독주택(다가구),3000000000,대전광역시,3020000000,유성구,3020052000,진잠동,3020010800,세동,2021-10-01
654,654,단독주택(다가구),3000000000,대전광역시,3020000000,유성구,3020052000,진잠동,3020010800,세동,2021-10-01
655,655,단독주택(다가구),3000000000,대전광역시,3020000000,유성구,3020052000,진잠동,3020010800,세동,2021-10-01
656,656,단독주택(다가구),3000000000,대전광역시,3020000000,유성구,3020052000,진잠동,3020010800,세동,2021-10-01
657,658,단독주택(다가구),3000000000,대전광역시,3020000000,유성구,3020052000,진잠동,3020010900,송정동,2021-10-01
658,659,그 외 주택,3000000000,대전광역시,3020000000,유성구,3020052000,진잠동,3020010900,송정동,2021-10-01
659,660,단독주택(다가구),3000000000,대전광역시,3020000000,유성구,3020052000,진잠동,3020010900,송정동,2021-10-01
660,661,그 외 주택,3000000000,대전광역시,3020000000,유성구,3020052000,진잠동,3020010900,송정동,2021-10-01
661,662,단독주택(다가구),3000000000,대전광역시,3020000000,유성구,3020052000,진잠동,3020010900,송정동,2021-10-01
662,663,단독주택(다가구),3000000000,대전광역시,3020000000,유성구,3020052000,진잠동,3020010900,송정동,2021-10-01
663,664,단독주택(다가구),3000000000,대전광역시,3020000000,유성구,3020052000,진잠동,3020010900,송정동,2021-10-01
664,665,단독주택(다가구),3000000000,대전광역시,3020000000,유성구,3020052000,진잠동,3020010900,송정동,2021-10-01
665,666,그 외 주택,3000000000,대전광역시,3020000000,유성구,3020052000,진잠동,3020010900,송정동,2021-10-01
666,667,단독주택(다가구),3000000000,대전광역시,3020000000,유성구,3020052000,진잠동,3020010900,송정동,2021-10-01
667,668,그 외 주택,3000000000,대전광역시,3020000000,유성구,3020052000,진잠동,3020010900,송정동,2021-10-01
668,669,단독주택(다가구),3000000000,대전광역시,3020000000,유성구,3020052000,진잠동,3020011000,방동,2021-10-01
669,670,단독주택(다가구),3000000000,대전광역시,3020000000,유성구,3020052000,진잠동,3020011000,방동,2021-10-01
670,671,단독주택(다가구),3000000000,대전광역시,3020000000,유성구,3020052000,진잠동,3020011000,방동,2021-10-01
671,672,단독주택(다가구),3000000000,대전광역시,3020000000,유성구,3020052000,진잠동,3020011000,방동,2021-10-01
672,673,그 외 주택,3000000000,대전광역시,3020000000,유성구,3020052000,진잠동,3020011000,방동,2021-10-01
673,674,단독주택(다가구),3000000000,대전광역시,3020000000,유성구,3020052000,진잠동,3020011000,방동,2021-10-01
674,675,단독주택(다가구),3000000000,대전광역시,3020000000,유성구,3020052000,진잠동,3020011000,방동,2021-10-01
675,676,그 외 주택,3000000000,대전광역시,3020000000,유성구,3020052000,진잠동,3020011000,방동,2021-10-01
676,677,그 외 주택,3000000000,대전광역시,3020000000,유성구,3020052000,진잠동,3020011000,방동,2021-10-01
677,678,그 외 주택,3000000000,대전광역시,3020000000,유성구,3020053000,온천1동,3020011100,봉명동,2021-10-01
678,679,공동주택(다세대/연립),3000000000,대전광역시,3020000000,유성구,3020053000,온천1동,3020011100,봉명동,2021-10-01
679,680,단독주택(다가구),3000000000,대전광역시,3020000000,유성구,3020053000,온천1동,3020011100,봉명동,2021-10-01
680,681,단독주택(다가구),3000000000,대전광역시,3020000000,유성구,3020053000,온천1동,3020011100,봉명동,2021-10-01
681,682,단독주택(다가구),3000000000,대전광역시,3020000000,유성구,3020053000,온천1동,3020011100,봉명동,2021-10-01
682,683,단독주택(다가구),3000000000,대전광역시,3020000000,유성구,3020053000,온천1동,3020011100,봉명동,2021-10-01
683,684,단독주택(다가구),3000000000,대전광역시,3020000000,유성구,3020053000,온천1동,3020011100,봉명동,2021-10-01
684,685,그 외 주택,3000000000,대전광역시,3020000000,유성구,3020053000,온천1동,3020011200,구암동,2021-10-01
685,686,공동주택(다세대/연립),3000000000,대전광역시,3020000000,유성구,3020053000,온천1동,3020011200,구암동,2021-10-01
686,687,공동주택(다세대/연립),3000000000,대전광역시,3020000000,유성구,3020053000,온천1동,3020011200,구암동,2021-10-01
687,688,단독주택(다가구),3000000000,대전광역시,3020000000,유성구,3020053000,온천1동,3020011200,구암동,2021-10-01
688,689,단독주택(다가구),3000000000,대전광역시,3020000000,유성구,3020053000,온천1동,3020011200,구암동,2021-10-01
689,690,단독주택(다가구),3000000000,대전광역시,3020000000,유성구,3020053000,온천1동,3020011200,구암동,2021-10-01
690,691,단독주택(다가구),3000000000,대전광역시,3020000000,유성구,3020053000,온천1동,3020011200,구암동,2021-10-01
691,692,단독주택(다가구),3000000000,대전광역시,3020000000,유성구,3020053000,온천1동,3020011200,구암동,2021-10-01
692,693,단독주택(다가구),3000000000,대전광역시,3020000000,유성구,3020053000,온천1동,3020011200,구암동,2021-10-01
693,694,단독주택(다가구),3000000000,대전광역시,3020000000,유성구,3020053000,온천1동,3020011200,구암동,2021-10-01
694,695,단독주택(다가구),3000000000,대전광역시,3020000000,유성구,3020053000,온천1동,3020011200,구암동,2021-10-01
695,696,단독주택(다가구),3000000000,대전광역시,3020000000,유성구,3020053000,온천1동,3020011200,구암동,2021-10-01
696,697,단독주택(다가구),3000000000,대전광역시,3020000000,유성구,3020053000,온천1동,3020011200,구암동,2021-10-01
697,698,그 외 주택,3000000000,대전광역시,3020000000,유성구,3020053000,온천1동,3020011200,구암동,2021-10-01
698,699,공동주택(다세대/연립),3000000000,대전광역시,3020000000,유성구,3020053000,온천1동,3020011200,구암동,2021-10-01
699,700,공동주택(다세대/연립),3000000000,대전광역시,3020000000,유성구,3020053000,온천1동,3020011200,구암동,2021-10-01
700,701,공동주택(다세대/연립),3000000000,대전광역시,3020000000,유성구,3020053000,온천1동,3020011200,구암동,2021-10-01
701,702,공동주택(다세대/연립),3000000000,대전광역시,3020000000,유성구,3020053000,온천1동,3020011200,구암동,2021-10-01
702,703,공동주택(다세대/연립),3000000000,대전광역시,3020000000,유성구,3020053000,온천1동,3020011200,구암동,2021-10-01
703,704,아파트,3000000000,대전광역시,3020000000,유성구,3020053000,온천1동,3020011200,구암동,2021-10-01
704,705,단독주택(다가구),3000000000,대전광역시,3020000000,유성구,3020053000,온천1동,3020011200,구암동,2021-10-01
705,706,공동주택(다세대/연립),3000000000,대전광역시,3020000000,유성구,3020053000,온천1동,3020011200,구암동,2021-10-01
706,707,공동주택(다세대/연립),3000000000,대전광역시,3020000000,유성구,3020053000,온천1동,3020011200,구암동,2021-10-01
707,708,그 외 주택,3000000000,대전광역시,3020000000,유성구,3020053000,온천1동,3020011200,구암동,2021-10-01
708,709,그 외 주택,3000000000,대전광역시,3020000000,유성구,3020053000,온천1동,3020011200,구암동,2021-10-01
709,710,아파트,3000000000,대전광역시,3020000000,유성구,3020053000,온천1동,3020011200,구암동,2021-10-01
710,711,공동주택(다세대/연립),3000000000,대전광역시,3020000000,유성구,3020053000,온천1동,3020011200,구암동,2021-10-01
711,712,공동주택(다세대/연립),3000000000,대전광역시,3020000000,유성구,3020053000,온천1동,3020011200,구암동,2021-10-01
712,713,공동주택(다세대/연립),3000000000,대전광역시,3020000000,유성구,3020053000,온천1동,3020011200,구암동,2021-10-01
713,714,공동주택(다세대/연립),3000000000,대전광역시,3020000000,유성구,3020053000,온천1동,3020011200,구암동,2021-10-01
714,715,공동주택(다세대/연립),3000000000,대전광역시,3020000000,유성구,3020053000,온천1동,3020011200,구암동,2021-10-01
715,716,공동주택(다세대/연립),3000000000,대전광역시,3020000000,유성구,3020053000,온천1동,3020011200,구암동,2021-10-01
716,717,공동주택(다세대/연립),3000000000,대전광역시,3020000000,유성구,3020053000,온천1동,3020011200,구암동,2021-10-01
717,718,공동주택(다세대/연립),3000000000,대전광역시,3020000000,유성구,3020053000,온천1동,3020011200,구암동,2021-10-01
718,719,공동주택(다세대/연립),3000000000,대전광역시,3020000000,유성구,3020053000,온천1동,3020011200,구암동,2021-10-01
719,720,공동주택(다세대/연립),3000000000,대전광역시,3020000000,유성구,3020053000,온천1동,3020011200,구암동,2021-10-01
720,721,공동주택(다세대/연립),3000000000,대전광역시,3020000000,유성구,3020053000,온천1동,3020011200,구암동,2021-10-01
721,722,아파트,3000000000,대전광역시,3020000000,유성구,3020053000,온천1동,3020011200,구암동,2021-10-01
722,723,공동주택(다세대/연립),3000000000,대전광역시,3020000000,유성구,3020053000,온천1동,3020011200,구암동,2021-10-01
723,724,단독주택(다가구),3000000000,대전광역시,3020000000,유성구,3020053000,온천1동,3020011200,구암동,2021-10-01
724,725,공동주택(다세대/연립),3000000000,대전광역시,3020000000,유성구,3020053000,온천1동,3020011200,구암동,2021-10-01
725,726,공동주택(다세대/연립),3000000000,대전광역시,3020000000,유성구,3020053000,온천1동,3020011200,구암동,2021-10-01
726,727,공동주택(다세대/연립),3000000000,대전광역시,3020000000,유성구,3020053000,온천1동,3020011200,구암동,2021-10-01
727,728,공동주택(다세대/연립),3000000000,대전광역시,3020000000,유성구,3020053000,온천1동,3020011200,구암동,2021-10-01
728,729,단독주택(다가구),3000000000,대전광역시,3020000000,유성구,3020053000,온천1동,3020011200,구암동,2021-10-01
729,730,그 외 주택,3000000000,대전광역시,3020000000,유성구,3020052700,상대동,3020011500,상대동,2021-10-01
730,731,공동주택(다세대/연립),3000000000,대전광역시,3020000000,유성구,3020052700,상대동,3020011600,복용동,2021-10-01
731,732,공동주택(다세대/연립),3000000000,대전광역시,3020000000,유성구,3020052700,상대동,3020011600,복용동,2021-10-01
732,733,공동주택(다세대/연립),3000000000,대전광역시,3020000000,유성구,3020052700,상대동,3020011600,복용동,2021-10-01
733,734,공동주택(다세대/연립),3000000000,대전광역시,3020000000,유성구,3020052700,상대동,3020011600,복용동,2021-10-01
734,735,공동주택(다세대/연립),3000000000,대전광역시,3020000000,유성구,3020052700,상대동,3020011600,복용동,2021-10-01
735,736,공동주택(다세대/연립),3000000000,대전광역시,3020000000,유성구,3020052700,상대동,3020011600,복용동,2021-10-01
736,737,공동주택(다세대/연립),3000000000,대전광역시,3020000000,유성구,3020052700,상대동,3020011600,복용동,2021-10-01
737,738,공동주택(다세대/연립),3000000000,대전광역시,3020000000,유성구,3020052700,상대동,3020011600,복용동,2021-10-01
738,739,공동주택(다세대/연립),3000000000,대전광역시,3020000000,유성구,3020052700,상대동,3020011600,복용동,2021-10-01
739,740,공동주택(다세대/연립),3000000000,대전광역시,3020000000,유성구,3020052700,상대동,3020011600,복용동,2021-10-01
740,741,공동주택(다세대/연립),3000000000,대전광역시,3020000000,유성구,3020052700,상대동,3020011600,복용동,2021-10-01
741,742,공동주택(다세대/연립),3000000000,대전광역시,3020000000,유성구,3020052700,상대동,3020011600,복용동,2021-10-01
742,743,그 외 주택,3000000000,대전광역시,3020000000,유성구,3020052700,상대동,3020011600,복용동,2021-10-01
743,744,공동주택(다세대/연립),3000000000,대전광역시,3020000000,유성구,3020052700,상대동,3020011600,복용동,2021-10-01
744,745,공동주택(다세대/연립),3000000000,대전광역시,3020000000,유성구,3020052700,상대동,3020011600,복용동,2021-10-01
745,746,공동주택(다세대/연립),3000000000,대전광역시,3020000000,유성구,3020052700,상대동,3020011600,복용동,2021-10-01
746,747,공동주택(다세대/연립),3000000000,대전광역시,3020000000,유성구,3020052700,상대동,3020011600,복용동,2021-10-01
747,748,공동주택(다세대/연립),3000000000,대전광역시,3020000000,유성구,3020052700,상대동,3020011600,복용동,2021-10-01
748,749,공동주택(다세대/연립),3000000000,대전광역시,3020000000,유성구,3020052700,상대동,3020011600,복용동,2021-10-01
749,750,공동주택(다세대/연립),3000000000,대전광역시,3020000000,유성구,3020052700,상대동,3020011600,복용동,2021-10-01
750,751,공동주택(다세대/연립),3000000000,대전광역시,3020000000,유성구,3020052700,상대동,3020011600,복용동,2021-10-01
751,752,공동주택(다세대/연립),3000000000,대전광역시,3020000000,유성구,3020052700,상대동,3020011600,복용동,2021-10-01
752,753,공동주택(다세대/연립),3000000000,대전광역시,3020000000,유성구,3020052700,상대동,3020011600,복용동,2021-10-01
753,754,공동주택(다세대/연립),3000000000,대전광역시,3020000000,유성구,3020052700,상대동,3020011600,복용동,2021-10-01
754,755,공동주택(다세대/연립),3000000000,대전광역시,3020000000,유성구,3020052700,상대동,3020011600,복용동,2021-10-01
755,756,그 외 주택,3000000000,대전광역시,3020000000,유성구,3020052700,상대동,3020011600,복용동,2021-10-01
756,757,공동주택(다세대/연립),3000000000,대전광역시,3020000000,유성구,3020052700,상대동,3020011600,복용동,2021-10-01
757,758,공동주택(다세대/연립),3000000000,대전광역시,3020000000,유성구,3020052700,상대동,3020011600,복용동,2021-10-01
758,759,공동주택(다세대/연립),3000000000,대전광역시,3020000000,유성구,3020052700,상대동,3020011600,복용동,2021-10-01
759,760,그 외 주택,3000000000,대전광역시,3020000000,유성구,3020052700,상대동,3020011600,복용동,2021-10-01
760,761,단독주택(다가구),3000000000,대전광역시,3020000000,유성구,3020052700,상대동,3020011600,복용동,2021-10-01
761,762,공동주택(다세대/연립),3000000000,대전광역시,3020000000,유성구,3020052700,상대동,3020011600,복용동,2021-10-01
762,763,공동주택(다세대/연립),3000000000,대전광역시,3020000000,유성구,3020052700,상대동,3020011600,복용동,2021-10-01
763,764,공동주택(다세대/연립),3000000000,대전광역시,3020000000,유성구,3020052700,상대동,3020011600,복용동,2021-10-01
764,765,공동주택(다세대/연립),3000000000,대전광역시,3020000000,유성구,3020052700,상대동,3020011600,복용동,2021-10-01
765,766,공동주택(다세대/연립),3000000000,대전광역시,3020000000,유성구,3020052700,상대동,3020011600,복용동,2021-10-01
766,767,공동주택(다세대/연립),3000000000,대전광역시,3020000000,유성구,3020052700,상대동,3020011600,복용동,2021-10-01
767,768,공동주택(다세대/연립),3000000000,대전광역시,3020000000,유성구,3020052700,상대동,3020011600,복용동,2021-10-01
768,769,공동주택(다세대/연립),3000000000,대전광역시,3020000000,유성구,3020052700,상대동,3020011600,복용동,2021-10-01
769,770,공동주택(다세대/연립),3000000000,대전광역시,3020000000,유성구,3020052700,상대동,3020011600,복용동,2021-10-01
770,771,공동주택(다세대/연립),3000000000,대전광역시,3020000000,유성구,3020052700,상대동,3020011600,복용동,2021-10-01
771,772,공동주택(다세대/연립),3000000000,대전광역시,3020000000,유성구,3020052700,상대동,3020011600,복용동,2021-10-01
772,773,공동주택(다세대/연립),3000000000,대전광역시,3020000000,유성구,3020052700,상대동,3020011600,복용동,2021-10-01
773,774,공동주택(다세대/연립),3000000000,대전광역시,3020000000,유성구,3020052700,상대동,3020011600,복용동,2021-10-01
774,775,공동주택(다세대/연립),3000000000,대전광역시,3020000000,유성구,3020052700,상대동,3020011600,복용동,2021-10-01
775,776,공동주택(다세대/연립),3000000000,대전광역시,3020000000,유성구,3020052700,상대동,3020011600,복용동,2021-10-01
776,777,공동주택(다세대/연립),3000000000,대전광역시,3020000000,유성구,3020052700,상대동,3020011600,복용동,2021-10-01
777,778,공동주택(다세대/연립),3000000000,대전광역시,3020000000,유성구,3020052700,상대동,3020011600,복용동,2021-10-01
778,779,공동주택(다세대/연립),3000000000,대전광역시,3020000000,유성구,3020052700,상대동,3020011600,복용동,2021-10-01
779,780,공동주택(다세대/연립),3000000000,대전광역시,3020000000,유성구,3020052700,상대동,3020011600,복용동,2021-10-01
780,781,단독주택(다가구),3000000000,대전광역시,3020000000,유성구,3020052700,상대동,3020011600,복용동,2021-10-01
781,782,공동주택(다세대/연립),3000000000,대전광역시,3020000000,유성구,3020052700,상대동,3020011600,복용동,2021-10-01
782,783,공동주택(다세대/연립),3000000000,대전광역시,3020000000,유성구,3020052700,상대동,3020011600,복용동,2021-10-01
783,784,공동주택(다세대/연립),3000000000,대전광역시,3020000000,유성구,3020052700,상대동,3020011600,복용동,2021-10-01
784,785,공동주택(다세대/연립),3000000000,대전광역시,3020000000,유성구,3020052700,상대동,3020011600,복용동,2021-10-01
785,786,공동주택(다세대/연립),3000000000,대전광역시,3020000000,유성구,3020052700,상대동,3020011600,복용동,2021-10-01
786,787,공동주택(다세대/연립),3000000000,대전광역시,3020000000,유성구,3020052700,상대동,3020011600,복용동,2021-10-01
787,788,공동주택(다세대/연립),3000000000,대전광역시,3020000000,유성구,3020052700,상대동,3020011600,복용동,2021-10-01
788,789,공동주택(다세대/연립),3000000000,대전광역시,3020000000,유성구,3020052700,상대동,3020011600,복용동,2021-10-01
789,790,공동주택(다세대/연립),3000000000,대전광역시,3020000000,유성구,3020052700,상대동,3020011600,복용동,2021-10-01
790,791,공동주택(다세대/연립),3000000000,대전광역시,3020000000,유성구,3020052700,상대동,3020011600,복용동,2021-10-01
791,792,공동주택(다세대/연립),3000000000,대전광역시,3020000000,유성구,3020052700,상대동,3020011600,복용동,2021-10-01
792,793,공동주택(다세대/연립),3000000000,대전광역시,3020000000,유성구,3020052700,상대동,3020011600,복용동,2021-10-01
793,794,공동주택(다세대/연립),3000000000,대전광역시,3020000000,유성구,3020052700,상대동,3020011600,복용동,2021-10-01
794,795,공동주택(다세대/연립),3000000000,대전광역시,3020000000,유성구,3020052700,상대동,3020011600,복용동,2021-10-01
795,796,공동주택(다세대/연립),3000000000,대전광역시,3020000000,유성구,3020052700,상대동,3020011600,복용동,2021-10-01
796,797,공동주택(다세대/연립),3000000000,대전광역시,3020000000,유성구,3020052700,상대동,3020011600,복용동,2021-10-01
797,798,공동주택(다세대/연립),3000000000,대전광역시,3020000000,유성구,3020052700,상대동,3020011600,복용동,2021-10-01
798,799,그 외 주택,3000000000,대전광역시,3020000000,유성구,3020052700,상대동,3020011600,복용동,2021-10-01
799,800,공동주택(다세대/연립),3000000000,대전광역시,3020000000,유성구,3020052700,상대동,3020011600,복용동,2021-10-01
800,801,공동주택(다세대/연립),3000000000,대전광역시,3020000000,유성구,3020052700,상대동,3020011600,복용동,2021-10-01
801,802,공동주택(다세대/연립),3000000000,대전광역시,3020000000,유성구,3020052700,상대동,3020011600,복용동,2021-10-01
802,803,공동주택(다세대/연립),3000000000,대전광역시,3020000000,유성구,3020052700,상대동,3020011600,복용동,2021-10-01
803,804,공동주택(다세대/연립),3000000000,대전광역시,3020000000,유성구,3020052700,상대동,3020011600,복용동,2021-10-01
804,805,공동주택(다세대/연립),3000000000,대전광역시,3020000000,유성구,3020052700,상대동,3020011600,복용동,2021-10-01
805,806,공동주택(다세대/연립),3000000000,대전광역시,3020000000,유성구,3020052700,상대동,3020011600,복용동,2021-10-01
806,807,공동주택(다세대/연립),3000000000,대전광역시,3020000000,유성구,3020052700,상대동,3020011600,복용동,2021-10-01
807,808,공동주택(다세대/연립),3000000000,대전광역시,3020000000,유성구,3020052700,상대동,3020011600,복용동,2021-10-01
808,809,공동주택(다세대/연립),3000000000,대전광역시,3020000000,유성구,3020052700,상대동,3020011600,복용동,2021-10-01
809,810,공동주택(다세대/연립),3000000000,대전광역시,3020000000,유성구,3020052700,상대동,3020011600,복용동,2021-10-01
810,811,공동주택(다세대/연립),3000000000,대전광역시,3020000000,유성구,3020052700,상대동,3020011600,복용동,2021-10-01
811,812,공동주택(다세대/연립),3000000000,대전광역시,3020000000,유성구,3020052700,상대동,3020011600,복용동,2021-10-01
812,813,공동주택(다세대/연립),3000000000,대전광역시,3020000000,유성구,3020052700,상대동,3020011600,복용동,2021-10-01
813,814,공동주택(다세대/연립),3000000000,대전광역시,3020000000,유성구,3020052700,상대동,3020011600,복용동,2021-10-01
814,815,공동주택(다세대/연립),3000000000,대전광역시,3020000000,유성구,3020052700,상대동,3020011600,복용동,2021-10-01
815,816,공동주택(다세대/연립),3000000000,대전광역시,3020000000,유성구,3020052700,상대동,3020011600,복용동,2021-10-01
816,817,단독주택(다가구),3000000000,대전광역시,3020000000,유성구,3020052700,상대동,3020011600,복용동,2021-10-01
817,818,단독주택(다가구),3000000000,대전광역시,3020000000,유성구,3020052700,상대동,3020011600,복용동,2021-10-01
818,819,단독주택(다가구),3000000000,대전광역시,3020000000,유성구,3020052700,상대동,3020011600,복용동,2021-10-01
819,820,공동주택(다세대/연립),3000000000,대전광역시,3020000000,유성구,3020052700,상대동,3020011600,복용동,2021-10-01
820,821,단독주택(다가구),3000000000,대전광역시,3020000000,유성구,3020052700,상대동,3020011600,복용동,2021-10-01
821,822,단독주택(다가구),3000000000,대전광역시,3020000000,유성구,3020052700,상대동,3020011600,복용동,2021-10-01
822,823,공동주택(다세대/연립),3000000000,대전광역시,3020000000,유성구,3020052700,상대동,3020011600,복용동,2021-10-01
823,824,공동주택(다세대/연립),3000000000,대전광역시,3020000000,유성구,3020052700,상대동,3020011600,복용동,2021-10-01
824,825,공동주택(다세대/연립),3000000000,대전광역시,3020000000,유성구,3020052700,상대동,3020011600,복용동,2021-10-01
825,826,공동주택(다세대/연립),3000000000,대전광역시,3020000000,유성구,3020052700,상대동,3020011600,복용동,2021-10-01
826,827,공동주택(다세대/연립),3000000000,대전광역시,3020000000,유성구,3020052700,상대동,3020011600,복용동,2021-10-01
827,828,공동주택(다세대/연립),3000000000,대전광역시,3020000000,유성구,3020052700,상대동,3020011600,복용동,2021-10-01
828,829,단독주택(다가구),3000000000,대전광역시,3020000000,유성구,3020052700,상대동,3020011600,복용동,2021-10-01
829,830,공동주택(다세대/연립),3000000000,대전광역시,3020000000,유성구,3020052700,상대동,3020011600,복용동,2021-10-01
830,831,공동주택(다세대/연립),3000000000,대전광역시,3020000000,유성구,3020052700,상대동,3020011600,복용동,2021-10-01
831,832,공동주택(다세대/연립),3000000000,대전광역시,3020000000,유성구,3020052700,상대동,3020011600,복용동,2021-10-01
832,833,공동주택(다세대/연립),3000000000,대전광역시,3020000000,유성구,3020052700,상대동,3020011600,복용동,2021-10-01
833,834,공동주택(다세대/연립),3000000000,대전광역시,3020000000,유성구,3020052700,상대동,3020011600,복용동,2021-10-01
834,835,공동주택(다세대/연립),3000000000,대전광역시,3020000000,유성구,3020052700,상대동,3020011600,복용동,2021-10-01
835,836,공동주택(다세대/연립),3000000000,대전광역시,3020000000,유성구,3020052700,상대동,3020011600,복용동,2021-10-01
836,837,공동주택(다세대/연립),3000000000,대전광역시,3020000000,유성구,3020052700,상대동,3020011600,복용동,2021-10-01
837,838,공동주택(다세대/연립),3000000000,대전광역시,3020000000,유성구,3020052700,상대동,3020011600,복용동,2021-10-01
838,839,공동주택(다세대/연립),3000000000,대전광역시,3020000000,유성구,3020052700,상대동,3020011600,복용동,2021-10-01
839,840,공동주택(다세대/연립),3000000000,대전광역시,3020000000,유성구,3020052700,상대동,3020011600,복용동,2021-10-01
840,841,공동주택(다세대/연립),3000000000,대전광역시,3020000000,유성구,3020054000,온천2동,3020011700,장대동,2021-10-01
841,842,그 외 주택,3000000000,대전광역시,3020000000,유성구,3020054000,온천2동,3020011700,장대동,2021-10-01
842,843,그 외 주택,3000000000,대전광역시,3020000000,유성구,3020054000,온천2동,3020011700,장대동,2021-10-01
843,844,그 외 주택,3000000000,대전광역시,3020000000,유성구,3020054000,온천2동,3020011700,장대동,2021-10-01
844,845,단독주택(다가구),3000000000,대전광역시,3020000000,유성구,3020054000,온천2동,3020011700,장대동,2021-10-01
845,846,단독주택(다가구),3000000000,대전광역시,3020000000,유성구,3020054000,온천2동,3020011700,장대동,2021-10-01
846,847,그 외 주택,3000000000,대전광역시,3020000000,유성구,3020054000,온천2동,3020011700,장대동,2021-10-01
847,848,단독주택(다가구),3000000000,대전광역시,3020000000,유성구,3020054000,온천2동,3020011700,장대동,2021-10-01
848,849,단독주택(다가구),3000000000,대전광역시,3020000000,유성구,3020054000,온천2동,3020011700,장대동,2021-10-01
849,850,그 외 주택,3000000000,대전광역시,3020000000,유성구,3020054000,온천2동,3020011700,장대동,2021-10-01
850,851,그 외 주택,3000000000,대전광역시,3020000000,유성구,3020054000,온천2동,3020011700,장대동,2021-10-01
851,852,단독주택(다가구),3000000000,대전광역시,3020000000,유성구,3020054000,온천2동,3020011700,장대동,2021-10-01
852,853,단독주택(다가구),3000000000,대전광역시,3020000000,유성구,3020054000,온천2동,3020011700,장대동,2021-10-01
853,854,공동주택(다세대/연립),3000000000,대전광역시,3020000000,유성구,3020054000,온천2동,3020011700,장대동,2021-10-01
854,855,단독주택(다가구),3000000000,대전광역시,3020000000,유성구,3020054000,온천2동,3020011700,장대동,2021-10-01
855,856,단독주택(다가구),3000000000,대전광역시,3020000000,유성구,3020054600,노은1동,3020011800,갑동,2021-10-01
856,857,공동주택(다세대/연립),3000000000,대전광역시,3020000000,유성구,3020054700,노은2동,3020012100,죽동,2021-10-01
857,858,단독주택(다가구),3000000000,대전광역시,3020000000,유성구,3020054700,노은2동,3020012100,죽동,2021-10-01
858,859,공동주택(다세대/연립),3000000000,대전광역시,3020000000,유성구,3020054000,온천2동,3020012200,궁동,2021-10-01
859,860,공동주택(다세대/연립),3000000000,대전광역시,3020000000,유성구,3020054000,온천2동,3020012200,궁동,2021-10-01
860,861,단독주택(다가구),3000000000,대전광역시,3020000000,유성구,3020054000,온천2동,3020012200,궁동,2021-10-01
861,862,아파트,3000000000,대전광역시,3020000000,유성구,3020054000,온천2동,3020012200,궁동,2021-10-01
862,863,아파트,3000000000,대전광역시,3020000000,유성구,3020054000,온천2동,3020012200,궁동,2021-10-01
863,864,단독주택(다가구),3000000000,대전광역시,3020000000,유성구,3020054000,온천2동,3020012300,어은동,2021-10-01
864,865,단독주택(다가구),3000000000,대전광역시,3020000000,유성구,3020055000,신성동,3020012500,신성동,2021-10-01
865,866,단독주택(다가구),3000000000,대전광역시,3020000000,유성구,3020055000,신성동,3020012500,신성동,2021-10-01
866,867,단독주택(다가구),3000000000,대전광역시,3020000000,유성구,3020055000,신성동,3020012500,신성동,2021-10-01
867,868,그 외 주택,3000000000,대전광역시,3020000000,유성구,3020055000,신성동,3020012500,신성동,2021-10-01
868,869,공동주택(다세대/연립),3000000000,대전광역시,3020000000,유성구,3020055000,신성동,3020012500,신성동,2021-10-01
869,870,공동주택(다세대/연립),3000000000,대전광역시,3020000000,유성구,3020055000,신성동,3020012700,도룡동,2021-10-01
870,871,단독주택(다가구),3000000000,대전광역시,3020000000,유성구,3020055000,신성동,3020012700,도룡동,2021-10-01
871,872,아파트,3000000000,대전광역시,3020000000,유성구,3020055000,신성동,3020012700,도룡동,2021-10-01
872,873,아파트,3000000000,대전광역시,3020000000,유성구,3020055000,신성동,3020012700,도룡동,2021-10-01
873,874,아파트,3000000000,대전광역시,3020000000,유성구,3020055000,신성동,3020012700,도룡동,2021-10-01
874,875,아파트,3000000000,대전광역시,3020000000,유성구,3020055000,신성동,3020012700,도룡동,2021-10-01
875,876,공동주택(다세대/연립),3000000000,대전광역시,3020000000,유성구,3020055000,신성동,3020013000,화암동,2021-10-01
876,877,단독주택(다가구),3000000000,대전광역시,3020000000,유성구,3020055000,신성동,3020013000,화암동,2021-10-01
877,878,단독주택(다가구),3000000000,대전광역시,3020000000,유성구,3020055000,신성동,3020013000,화암동,2021-10-01
878,879,단독주택(다가구),3000000000,대전광역시,3020000000,유성구,3020055000,신성동,3020013000,화암동,2021-10-01
879,880,단독주택(다가구),3000000000,대전광역시,3020000000,유성구,3020055000,신성동,3020013000,화암동,2021-10-01
880,881,그 외 주택,3000000000,대전광역시,3020000000,유성구,3020055000,신성동,3020013000,화암동,2021-10-01
881,882,그 외 주택,3000000000,대전광역시,3020000000,유성구,3020055000,신성동,3020013200,하기동,2021-10-01
882,883,그 외 주택,3000000000,대전광역시,3020000000,유성구,3020055000,신성동,3020013200,하기동,2021-10-01
883,884,단독주택(다가구),3000000000,대전광역시,3020000000,유성구,3020055000,신성동,3020013400,자운동,2021-10-01
884,885,단독주택(다가구),3000000000,대전광역시,3020000000,유성구,3020055000,신성동,3020013400,자운동,2021-10-01
885,886,단독주택(다가구),3000000000,대전광역시,3020000000,유성구,3020054700,노은2동,3020013700,안산동,2021-10-01
886,887,단독주택(다가구),3000000000,대전광역시,3020000000,유성구,3020054700,노은2동,3020013700,안산동,2021-10-01
887,888,단독주택(다가구),3000000000,대전광역시,3020000000,유성구,3020054700,노은2동,3020013800,외삼동,2021-10-01
888,889,단독주택(다가구),3000000000,대전광역시,3020000000,유성구,3020054700,노은2동,3020013800,외삼동,2021-10-01
889,890,단독주택(다가구),3000000000,대전광역시,3020000000,유성구,3020054700,노은2동,3020013800,외삼동,2021-10-01
890,891,단독주택(다가구),3000000000,대전광역시,3020000000,유성구,3020054700,노은2동,3020013800,외삼동,2021-10-01
891,892,단독주택(다가구),3000000000,대전광역시,3020000000,유성구,3020054800,노은3동,3020013900,반석동,2021-10-01
892,893,단독주택(다가구),3000000000,대전광역시,3020000000,유성구,3020054800,노은3동,3020013900,반석동,2021-10-01
893,894,그 외 주택,3000000000,대전광역시,3020000000,유성구,3020057000,전민동,3020014000,문지동,2021-10-01
894,895,단독주택(다가구),3000000000,대전광역시,3020000000,유성구,3020057000,전민동,3020014100,전민동,2021-10-01
895,896,단독주택(다가구),3000000000,대전광역시,3020000000,유성구,3020057000,전민동,3020014200,원촌동,2021-10-01
896,897,단독주택(다가구),3000000000,대전광역시,3020000000,유성구,3020057000,전민동,3020014200,원촌동,2021-10-01
897,898,단독주택(다가구),3000000000,대전광역시,3020000000,유성구,3020057000,전민동,3020014200,원촌동,2021-10-01
898,899,그 외 주택,3000000000,대전광역시,3020000000,유성구,3020057000,전민동,3020014200,원촌동,2021-10-01
899,900,그 외 주택,3000000000,대전광역시,3020000000,유성구,3020060000,관평동,3020014300,탑립동,2021-10-01
900,901,단독주택(다가구),3000000000,대전광역시,3020000000,유성구,3020060000,관평동,3020014400,용산동,2021-10-01
901,902,단독주택(다가구),3000000000,대전광역시,3020000000,유성구,3020058000,구즉동,3020014500,봉산동,2021-10-01
902,903,단독주택(다가구),3000000000,대전광역시,3020000000,유성구,3020058000,구즉동,3020014500,봉산동,2021-10-01
903,904,단독주택(다가구),3000000000,대전광역시,3020000000,유성구,3020058000,구즉동,3020014500,봉산동,2021-10-01
904,905,단독주택(다가구),3000000000,대전광역시,3020000000,유성구,3020060000,관평동,3020014600,관평동,2021-10-01
905,906,단독주택(다가구),3000000000,대전광역시,3020000000,유성구,3020060000,관평동,3020014600,관평동,2021-10-01
906,907,단독주택(다가구),3000000000,대전광역시,3020000000,유성구,3020060000,관평동,3020014600,관평동,2021-10-01
907,908,단독주택(다가구),3000000000,대전광역시,3020000000,유성구,3020058000,구즉동,3020014700,송강동,2021-10-01
908,909,단독주택(다가구),3000000000,대전광역시,3020000000,유성구,3020058000,구즉동,3020014900,대동,2021-10-01
909,910,단독주택(다가구),3000000000,대전광역시,3020000000,유성구,3020058000,구즉동,3020014900,대동,2021-10-01
910,911,그 외 주택,3000000000,대전광역시,3020000000,유성구,3020058000,구즉동,3020014900,대동,2021-10-01
911,912,단독주택(다가구),3000000000,대전광역시,3020000000,유성구,3020058000,구즉동,3020014900,대동,2021-10-01
912,913,단독주택(다가구),3000000000,대전광역시,3020000000,유성구,3020058000,구즉동,3020014900,대동,2021-10-01
913,914,단독주택(다가구),3000000000,대전광역시,3020000000,유성구,3020058000,구즉동,3020015000,금탄동,2021-10-01
914,915,단독주택(다가구),3000000000,대전광역시,3020000000,유성구,3020058000,구즉동,3020015000,금탄동,2021-10-01
915,916,그 외 주택,3000000000,대전광역시,3020000000,유성구,3020058000,구즉동,3020015000,금탄동,2021-10-01
916,917,그 외 주택,3000000000,대전광역시,3020000000,유성구,3020058000,구즉동,3020015000,금탄동,2021-10-01
917,918,그 외 주택,3000000000,대전광역시,3020000000,유성구,3020058000,구즉동,3020015000,금탄동,2021-10-01
918,919,그 외 주택,3000000000,대전광역시,3020000000,유성구,3020058000,구즉동,3020015200,둔곡동,2021-10-01
919,920,단독주택(다가구),3000000000,대전광역시,3020000000,유성구,3020058000,구즉동,3020015300,구룡동,2021-10-01
920,921,그 외 주택,3000000000,대전광역시,3020000000,유성구,3020058000,구즉동,3020015300,구룡동,2021-10-01
