Unnamed: 0,기준일자,시도명,시군구명,,,
0,2017,서울특별시,종로구,4.94,2264,45787
1,2017,서울특별시,중구,4.87,1925,39512
2,2017,서울특별시,용산구,7.39,5274,71356
3,2017,서울특별시,성동구,1.72,1489,86650
4,2017,서울특별시,광진구,1.16,981,84316
5,2017,서울특별시,동대문구,2.34,2289,97891
6,2017,서울특별시,중랑구,1.31,1359,103740
7,2017,서울특별시,성북구,3.1,4049,130766
8,2017,서울특별시,강북구,2.53,2391,94526
9,2017,서울특별시,도봉구,2.89,3032,104752
10,2017,서울특별시,노원구,2.52,4713,187025
11,2017,서울특별시,은평구,3.26,4691,143727
12,2017,서울특별시,서대문구,2.66,2513,94398
13,2017,서울특별시,마포구,5.15,6092,118355
14,2017,서울특별시,양천구,2.41,3300,137056
15,2017,서울특별시,강서구,3.8,7146,188176
16,2017,서울특별시,구로구,2.62,3188,121684
17,2017,서울특별시,금천구,1.14,711,62314
18,2017,서울특별시,영등포구,3.12,3100,99225
19,2017,서울특별시,동작구,0.79,883,111548
20,2017,서울특별시,관악구,0.74,917,124170
21,2017,서울특별시,서초구,3.62,4674,128977
22,2017,서울특별시,강남구,7.27,12603,173282
23,2017,서울특별시,송파구,3.5,6891,196672
24,2017,서울특별시,강동구,5.68,6868,120940
25,2017,부산광역시,동부,7.8,89151,1142880
26,2017,부산광역시,읍부,10.12,5149,50896
27,2017,부산광역시,면부,6.58,437,6646
28,2017,부산광역시,중구,14.34,2423,16893
29,2017,부산광역시,서구,8.84,3424,38735
30,2017,부산광역시,동구,10.79,3327,30842
31,2017,부산광역시,영도구,9.04,4180,46222
32,2017,부산광역시,부산진구,10.08,13680,135673
33,2017,부산광역시,동래구,6.49,5650,87052
34,2017,부산광역시,남구,10.92,11022,100948
35,2017,부산광역시,북구,5.02,5241,104480
36,2017,부산광역시,해운대구,6.92,9667,139613
37,2017,부산광역시,사하구,6.38,7309,114558
38,2017,부산광역시,금정구,8.08,6658,82427
39,2017,부산광역시,강서구,6.68,2488,37268
40,2017,부산광역시,연제구,6.83,4669,68314
41,2017,부산광역시,수영구,9.58,6186,64543
42,2017,부산광역시,사상구,4.28,3227,75312
43,2017,부산광역시,기장군,9.71,5586,57542
44,2017,대구광역시,동부,4.73,32818,693773
45,2017,대구광역시,읍부,9.0,4717,52423
46,2017,대구광역시,면부,17.63,6645,37699
47,2017,대구광역시,중구,8.77,2261,25788
48,2017,대구광역시,동구,6.54,7732,118194
49,2017,대구광역시,서구,3.53,1921,54424
50,2017,대구광역시,남구,4.73,1980,41877
51,2017,대구광역시,북구,5.33,7478,140387
52,2017,대구광역시,수성구,4.15,5537,133564
53,2017,대구광역시,달서구,3.29,5909,179539
54,2017,대구광역시,달성군,12.61,11362,90122
55,2017,인천광역시,동부,5.64,52769,934871
56,2017,인천광역시,읍부,10.62,899,8467
57,2017,인천광역시,면부,14.56,3821,26250
58,2017,인천광역시,중구,11.24,4723,42011
59,2017,인천광역시,동구,6.42,1608,25063
60,2017,인천광역시,남구,7.14,10126,141760
61,2017,인천광역시,연수구,3.65,3702,101399
62,2017,인천광역시,남동구,5.25,9299,177023
63,2017,인천광역시,부평구,5.42,9386,173133
64,2017,인천광역시,계양구,4.33,4709,108663
65,2017,인천광역시,서구,5.56,9216,165819
66,2017,인천광역시,강화군,13.8,3773,27350
67,2017,인천광역시,옹진군,12.85,947,7367
68,2017,광주광역시,동구,7.5,2496,33266
69,2017,광주광역시,서구,6.26,6478,103503
70,2017,광주광역시,남구,6.9,5232,75784
71,2017,광주광역시,북구,7.02,10853,154667
72,2017,광주광역시,광산구,6.16,8510,138251
73,2017,대전광역시,동구,4.71,3617,76777
74,2017,대전광역시,중구,5.69,4634,81427
75,2017,대전광역시,서구,4.75,6994,147097
76,2017,대전광역시,유성구,7.51,8510,113276
77,2017,대전광역시,대덕구,5.35,3239,60584
78,2017,울산광역시,동부,6.46,19028,294746
79,2017,울산광역시,읍부,7.94,3884,48891
80,2017,울산광역시,면부,14.3,3955,27663
81,2017,울산광역시,중구,5.9,4210,71312
82,2017,울산광역시,남구,7.49,7944,106009
83,2017,울산광역시,동구,6.15,3281,53365
84,2017,울산광역시,북구,5.61,3593,64060
85,2017,울산광역시,울주군,10.24,7839,76554
86,2017,세종특별자치시,동부,14.84,10335,69665
87,2017,세종특별자치시,읍부,10.83,1744,16099
88,2017,세종특별자치시,면부,12.21,2281,18684
89,2017,경기도,동부,4.41,142018,3218565
90,2017,경기도,읍부,6.97,31489,451813
91,2017,경기도,면부,7.68,21474,279451
92,2017,경기도,수원시,3.68,12890,350148
93,2017,경기도,장안구,3.35,2823,84257
94,2017,경기도,권선구,4.27,4626,108312
95,2017,경기도,팔달구,3.85,2233,57935
96,2017,경기도,영통구,3.22,3208,99644
97,2017,경기도,성남시,3.61,9288,257047
98,2017,경기도,수정구,4.56,2563,56148
99,2017,경기도,중원구,6.55,4114,62851
100,2017,경기도,분당구,1.89,2611,138048
101,2017,경기도,의정부시,5.66,7856,138767
102,2017,경기도,안양시,4.02,7155,178175
103,2017,경기도,만안구,2.79,2071,74205
104,2017,경기도,동안구,4.89,5084,103970
105,2017,경기도,부천시,3.88,10002,257849
106,2017,경기도,광명시,2.02,2092,103564
107,2017,경기도,평택시,13.1,22741,173594
108,2017,경기도,동두천시,7.89,2838,35987
109,2017,경기도,안산시,5.64,11058,196205
110,2017,경기도,상록구,5.87,6030,102663
111,2017,경기도,단원구,5.38,5028,93542
112,2017,경기도,고양시,2.93,8956,305178
113,2017,경기도,덕양구,3.04,4265,140355
114,2017,경기도,일산동구,2.72,2032,74687
115,2017,경기도,일산서구,2.95,2659,90136
116,2017,경기도,과천시,0.21,25,12114
117,2017,경기도,구리시,2.11,1168,55252
118,2017,경기도,남양주시,3.14,6579,209195
119,2017,경기도,오산시,5.25,3546,67592
120,2017,경기도,시흥시,4.87,6330,130097
121,2017,경기도,군포시,2.69,2321,86340
122,2017,경기도,의왕시,2.33,1096,47110
123,2017,경기도,하남시,2.91,1884,64727
124,2017,경기도,용인시,4.28,13159,307555
125,2017,경기도,처인구,7.68,5738,74672
126,2017,경기도,기흥구,3.15,3992,126667
127,2017,경기도,수지구,3.23,3429,106216
128,2017,경기도,파주시,3.81,5221,137097
129,2017,경기도,이천시,8.44,6017,71325
130,2017,경기도,안성시,6.68,4335,64940
131,2017,경기도,김포시,3.65,4604,126247
132,2017,경기도,화성시,6.92,15275,220614
133,2017,경기도,광주시,8.3,8967,107996
134,2017,경기도,양주시,6.73,4868,72288
135,2017,경기도,포천시,5.76,2965,51464
136,2017,경기도,여주시,10.13,3986,39352
137,2017,경기도,연천군,2.83,451,15931
138,2017,경기도,가평군,13.2,3219,24390
139,2017,경기도,양평군,9.81,4089,41689
140,2017,강원도,동부,8.6,28781,334728
141,2017,강원도,읍부,11.34,11805,104099
142,2017,강원도,면부,14.59,21523,147556
143,2017,강원도,춘천시,6.05,5663,93649
144,2017,강원도,원주시,8.39,10159,121069
145,2017,강원도,강릉시,9.55,7616,79769
146,2017,강원도,동해시,12.58,4685,37245
147,2017,강원도,태백시,16.49,3493,21179
148,2017,강원도,속초시,12.24,4078,33323
149,2017,강원도,삼척시,15.46,4532,29323
150,2017,강원도,홍천군,12.99,3731,28731
151,2017,강원도,횡성군,13.55,2513,18546
152,2017,강원도,영월군,13.05,2214,16970
153,2017,강원도,평창군,22.81,4579,20075
154,2017,강원도,정선군,14.86,2449,16476
155,2017,강원도,철원군,3.1,505,16287
156,2017,강원도,화천군,6.99,677,9682
157,2017,강원도,양구군,3.16,256,8104
158,2017,강원도,인제군,8.68,1042,12005
159,2017,강원도,고성군,12.64,1459,11545
160,2017,강원도,양양군,19.81,2458,12405
161,2017,충청북도,동부,7.27,22723,312394
162,2017,충청북도,읍부,12.22,14541,118959
163,2017,충청북도,면부,15.69,23617,150502
164,2017,충청북도,충주시,11.75,9608,81738
165,2017,충청북도,제천시,10.86,5882,54173
166,2017,충청북도,청주시,7.4,20115,271778
167,2017,충청북도,상당구,7.28,4094,56210
168,2017,충청북도,서원구,6.77,4890,72242
169,2017,충청북도,흥덕구,8.09,6420,79379
170,2017,충청북도,청원구,7.37,4711,63947
171,2017,충청북도,보은군,13.99,2084,14900
172,2017,충청북도,옥천군,13.2,2805,21248
173,2017,충청북도,영동군,12.7,2657,20925
174,2017,충청북도,진천군,17.07,5504,32239
175,2017,충청북도,괴산군,10.13,1637,16157
176,2017,충청북도,음성군,16.86,6929,41087
177,2017,충청북도,단양군,14.52,1924,13247
178,2017,충청북도,증평군,12.09,1736,14363
179,2017,충청남도,동부,8.86,29249,329973
180,2017,충청남도,읍부,13.13,25973,197769
181,2017,충청남도,면부,13.28,36888,277813
182,2017,충청남도,천안시,9.04,19748,218368
183,2017,충청남도,동남구,9.18,8251,89919
184,2017,충청남도,서북구,8.95,11497,128449
185,2017,충청남도,공주시,11.76,4979,42343
186,2017,충청남도,보령시,12.89,5487,42559
187,2017,충청남도,아산시,10.88,12684,116558
188,2017,충청남도,서산시,12.18,8030,65936
189,2017,충청남도,논산시,10.86,5188,47771
190,2017,충청남도,계룡시,14.97,2437,16277
191,2017,충청남도,당진시,10.02,6086,60720
192,2017,충청남도,금산군,13.97,3205,22946
193,2017,충청남도,부여군,11.12,3216,28922
194,2017,충청남도,서천군,14.71,3644,24767
195,2017,충청남도,청양군,12.92,1803,13959
196,2017,충청남도,홍성군,16.67,7250,43504
197,2017,충청남도,예산군,14.13,4855,34356
198,2017,충청남도,태안군,13.17,3498,26569
199,2017,전라북도,동부,9.69,44681,460945
200,2017,전라북도,읍부,11.72,7133,60837
201,2017,전라북도,면부,14.63,25817,176482
202,2017,전라북도,전주시,7.3,15688,215040
203,2017,전라북도,완산구,6.57,7754,118083
204,2017,전라북도,덕진구,8.18,7934,96957
205,2017,전라북도,군산시,13.91,15223,109423
206,2017,전라북도,익산시,10.02,11448,114302
207,2017,전라북도,정읍시,13.36,6279,47016
208,2017,전라북도,남원시,11.88,3987,33573
209,2017,전라북도,김제시,14.77,5571,37723
210,2017,전라북도,완주군,12.78,4734,37053
211,2017,전라북도,진안군,11.38,1183,10400
212,2017,전라북도,무주군,15.55,1691,10875
213,2017,전라북도,장수군,11.21,1050,9370
214,2017,전라북도,임실군,16.28,2047,12571
215,2017,전라북도,순창군,16.38,2063,12596
216,2017,전라북도,고창군,13.16,3243,24649
217,2017,전라북도,부안군,14.46,3424,23673
218,2017,전라남도,동부,12.54,38612,307976
219,2017,전라남도,읍부,13.66,23624,172980
220,2017,전라남도,면부,16.67,47563,285275
221,2017,전라남도,목포시,10.58,9394,88762
222,2017,전라남도,여수시,12.27,13504,110027
223,2017,전라남도,순천시,12.37,13073,105665
224,2017,전라남도,나주시,19.95,9643,48326
225,2017,전라남도,광양시,15.84,9502,59981
226,2017,전라남도,담양군,14.14,2545,17996
227,2017,전라남도,곡성군,15.08,2001,13271
228,2017,전라남도,구례군,15.54,1784,11483
229,2017,전라남도,고흥군,17.37,5758,33151
230,2017,전라남도,보성군,15.51,3085,19896
231,2017,전라남도,화순군,17.37,4850,27924
232,2017,전라남도,장흥군,12.83,2200,17146
233,2017,전라남도,강진군,16.95,2799,16509
234,2017,전라남도,해남군,12.78,3873,30305
235,2017,전라남도,영암군,19.25,4941,25665
236,2017,전라남도,무안군,16.44,5279,32111
237,2017,전라남도,함평군,15.29,2220,14522
238,2017,전라남도,영광군,15.16,3457,22799
239,2017,전라남도,장성군,16.47,3002,18231
240,2017,전라남도,완도군,13.91,2982,21443
241,2017,전라남도,진도군,12.6,1754,13917
242,2017,전라남도,신안군,12.59,2153,17101
243,2017,경상북도,동부,9.33,46749,500793
244,2017,경상북도,읍부,12.48,28492,228251
245,2017,경상북도,면부,16.57,51239,309230
246,2017,경상북도,포항시,9.77,18398,188384
247,2017,경상북도,남구,10.05,8699,86594
248,2017,경상북도,북구,9.53,9699,101790
249,2017,경상북도,경주시,12.45,12481,100224
250,2017,경상북도,김천시,14.47,8291,57293
251,2017,경상북도,안동시,13.0,8674,66721
252,2017,경상북도,구미시,10.61,15087,142140
253,2017,경상북도,영주시,10.1,4295,42516
254,2017,경상북도,영천시,14.24,6149,43180
255,2017,경상북도,상주시,13.04,5627,43149
256,2017,경상북도,문경시,12.49,3730,29857
257,2017,경상북도,경산시,8.89,8027,90340
258,2017,경상북도,군위군,13.73,1490,10855
259,2017,경상북도,의성군,15.87,4162,26229
260,2017,경상북도,청송군,14.96,1832,12244
261,2017,경상북도,영양군,14.45,1185,8201
262,2017,경상북도,영덕군,15.21,2752,18094
263,2017,경상북도,청도군,20.31,4268,21014
264,2017,경상북도,고령군,13.48,1864,13833
265,2017,경상북도,성주군,11.43,1907,16679
266,2017,경상북도,칠곡군,11.28,4654,41260
267,2017,경상북도,예천군,21.28,5144,24169
268,2017,경상북도,봉화군,14.28,2187,15313
269,2017,경상북도,울진군,17.54,4127,23535
270,2017,경상북도,울릉군,4.89,149,3044
271,2017,경상남도,동부,7.54,52877,701109
272,2017,경상남도,읍부,11.1,20518,184772
273,2017,경상남도,면부,15.31,47153,308031
274,2017,경상남도,진주시,6.7,7695,114935
275,2017,경상남도,통영시,10.08,4949,49076
276,2017,경상남도,사천시,12.19,5502,45147
277,2017,경상남도,김해시,6.45,10962,169924
278,2017,경상남도,밀양시,12.45,5734,46065
279,2017,경상남도,거제시,14.22,13179,92670
280,2017,경상남도,양산시,10.13,12469,123067
281,2017,경상남도,창원시,7.63,25483,334002
282,2017,경상남도,의창구,6.35,4442,69920
283,2017,경상남도,성산구,7.56,5358,70909
284,2017,경상남도,마산합포구,9.77,6193,63400
285,2017,경상남도,마산회원구,4.51,2875,63695
286,2017,경상남도,진해구,10.01,6615,66078
287,2017,경상남도,의령군,17.59,2306,13108
288,2017,경상남도,함안군,12.3,3459,28111
289,2017,경상남도,창녕군,14.07,3873,27531
290,2017,경상남도,고성군,16.05,3801,23678
291,2017,경상남도,남해군,18.87,4191,22206
292,2017,경상남도,하동군,12.95,2589,19991
293,2017,경상남도,산청군,17.43,2895,16613
294,2017,경상남도,함양군,16.06,2920,18187
295,2017,경상남도,거창군,15.46,4096,26498
296,2017,경상남도,합천군,19.24,4445,23103
297,2017,제주특별자치도,동부,11.72,18050,154016
298,2017,제주특별자치도,읍부,15.41,8269,53664
299,2017,제주특별자치도,면부,17.16,2310,13460
300,2017,제주특별자치도,제주시,11.71,18352,156719
301,2017,제주특별자치도,서귀포시,15.95,10277,64421
302,2018,서울특별시,종로구,4.89,2236,45729
303,2018,서울특별시,중구,4.81,1931,40177
304,2018,서울특별시,용산구,6.28,4498,71680
305,2018,서울특별시,성동구,1.59,1397,87830
306,2018,서울특별시,광진구,0.9,768,85638
307,2018,서울특별시,동대문구,2.64,2659,100802
308,2018,서울특별시,중랑구,1.41,1488,105691
309,2018,서울특별시,성북구,2.46,3202,129994
310,2018,서울특별시,강북구,2.33,2218,95097
311,2018,서울특별시,도봉구,2.64,2785,105526
312,2018,서울특별시,노원구,2.63,4910,186533
313,2018,서울특별시,은평구,2.53,3658,144611
314,2018,서울특별시,서대문구,2.53,2401,94884
315,2018,서울특별시,마포구,4.84,5736,118619
316,2018,서울특별시,양천구,2.48,3419,137850
317,2018,서울특별시,강서구,3.62,6896,190525
318,2018,서울특별시,구로구,3.11,3874,124569
319,2018,서울특별시,금천구,1.86,1213,65244
320,2018,서울특별시,영등포구,2.08,2075,99971
321,2018,서울특별시,동작구,0.7,789,112032
322,2018,서울특별시,관악구,0.44,548,125148
323,2018,서울특별시,서초구,5.3,7001,132040
324,2018,서울특별시,강남구,8.72,14952,171431
325,2018,서울특별시,송파구,2.27,4528,199739
326,2018,서울특별시,강동구,7.08,8685,122718
327,2018,부산광역시,동부,8.16,94866,1162077
328,2018,부산광역시,읍부,7.69,4002,52022
329,2018,부산광역시,면부,8.83,590,6683
330,2018,부산광역시,중구,15.19,2585,17016
331,2018,부산광역시,서구,9.09,3600,39584
332,2018,부산광역시,동구,12.67,3992,31508
333,2018,부산광역시,영도구,9.34,4327,46334
334,2018,부산광역시,부산진구,10.11,13693,135427
335,2018,부산광역시,동래구,7.52,6718,89354
336,2018,부산광역시,남구,12.57,13399,106627
337,2018,부산광역시,북구,4.89,5100,104275
338,2018,부산광역시,해운대구,6.76,9525,141002
339,2018,부산광역시,사하구,6.79,7937,116840
340,2018,부산광역시,금정구,7.87,6609,83959
341,2018,부산광역시,강서구,7.52,2973,39541
342,2018,부산광역시,연제구,6.06,4179,68929
343,2018,부산광역시,수영구,10.54,6966,66107
344,2018,부산광역시,사상구,4.32,3263,75574
345,2018,부산광역시,기장군,7.82,4592,58705
346,2018,대구광역시,동부,4.72,33129,701783
347,2018,대구광역시,읍부,7.58,6244,82399
348,2018,대구광역시,면부,16.88,1488,8816
349,2018,대구광역시,중구,8.86,2357,26597
350,2018,대구광역시,동구,6.46,7866,121847
351,2018,대구광역시,서구,4.75,2581,54338
352,2018,대구광역시,남구,5.29,2242,42387
353,2018,대구광역시,북구,4.56,6449,141295
354,2018,대구광역시,수성구,4.34,5829,134191
355,2018,대구광역시,달서구,3.2,5805,181128
356,2018,대구광역시,달성군,8.48,7732,91215
357,2018,인천광역시,동부,6.23,59961,962015
358,2018,인천광역시,읍부,11.03,950,8611
359,2018,인천광역시,면부,14.69,4016,27333
360,2018,인천광역시,중구,11.24,4918,43765
361,2018,인천광역시,동구,7.92,1981,25011
362,2018,인천광역시,연수구,6.35,6958,109637
363,2018,인천광역시,남동구,5.48,9966,181834
364,2018,인천광역시,부평구,5.47,9393,171740
365,2018,인천광역시,계양구,4.77,5122,107446
366,2018,인천광역시,서구,5.69,10139,178078
367,2018,인천광역시,미추홀구,7.95,11484,144504
368,2018,인천광역시,강화군,14.0,3918,27991
369,2018,인천광역시,옹진군,13.18,1048,7953
370,2018,광주광역시,동구,11.62,4056,34905
371,2018,광주광역시,서구,7.12,7449,104649
372,2018,광주광역시,남구,6.98,5349,76688
373,2018,광주광역시,북구,7.17,11344,158154
374,2018,광주광역시,광산구,6.43,9022,140371
375,2018,대전광역시,동구,6.66,5235,78580
376,2018,대전광역시,중구,6.02,4932,81931
377,2018,대전광역시,서구,5.04,7558,149952
378,2018,대전광역시,유성구,7.16,8233,114934
379,2018,대전광역시,대덕구,6.42,3942,61367
380,2018,울산광역시,동부,7.05,21176,300435
381,2018,울산광역시,읍부,7.51,4270,56848
382,2018,울산광역시,면부,17.01,3819,22458
383,2018,울산광역시,중구,6.67,4770,71510
384,2018,울산광역시,남구,8.04,8641,107471
385,2018,울산광역시,동구,7.24,3874,53500
386,2018,울산광역시,북구,5.73,3891,67954
387,2018,울산광역시,울주군,10.2,8089,79306
388,2018,세종특별자치시,동부,11.77,9892,84072
389,2018,세종특별자치시,읍부,11.55,1860,16103
390,2018,세종특별자치시,면부,13.26,2490,18784
391,2018,경기도,동부,5.32,181120,3407404
392,2018,경기도,읍부,8.56,41845,488670
393,2018,경기도,면부,9.77,26670,273026
394,2018,경기도,수원시,4.92,17983,365222
395,2018,경기도,장안구,4.38,3746,85588
396,2018,경기도,권선구,4.25,4973,116924
397,2018,경기도,팔달구,8.71,5161,59244
398,2018,경기도,영통구,3.97,4103,103466
399,2018,경기도,성남시,2.71,6933,255925
400,2018,경기도,수정구,4.98,2868,57636
401,2018,경기도,중원구,2.44,1466,60070
402,2018,경기도,분당구,1.88,2599,138219
403,2018,경기도,의정부시,4.92,7042,143102
404,2018,경기도,안양시,3.45,6123,177651
405,2018,경기도,만안구,3.11,2352,75625
406,2018,경기도,동안구,3.7,3771,102026
407,2018,경기도,부천시,4.32,11462,265529
408,2018,경기도,광명시,2.85,2980,104641
409,2018,경기도,평택시,16.02,30728,191831
410,2018,경기도,동두천시,9.03,3326,36825
411,2018,경기도,안산시,6.57,13155,200334
412,2018,경기도,상록구,6.92,7191,103936
413,2018,경기도,단원구,6.19,5964,96398
414,2018,경기도,고양시,3.88,12196,314605
415,2018,경기도,덕양구,3.49,5018,143979
416,2018,경기도,일산동구,3.23,2516,77984
417,2018,경기도,일산서구,5.03,4662,92642
418,2018,경기도,과천시,1.61,206,12772
419,2018,경기도,구리시,2.43,1427,58785
420,2018,경기도,남양주시,4.52,9952,220328
421,2018,경기도,오산시,7.82,5856,74898
422,2018,경기도,시흥시,6.2,9131,147295
423,2018,경기도,군포시,3.41,2985,87516
424,2018,경기도,의왕시,2.7,1284,47471
425,2018,경기도,하남시,5.01,3680,73525
426,2018,경기도,용인시,5.19,17022,327895
427,2018,경기도,처인구,9.04,7722,85454
428,2018,경기도,기흥구,4.23,5607,132674
429,2018,경기도,수지구,3.36,3693,109767
430,2018,경기도,파주시,6.64,9979,150361
431,2018,경기도,이천시,7.77,5648,72721
432,2018,경기도,안성시,11.32,7976,70478
433,2018,경기도,김포시,5.33,7547,141596
434,2018,경기도,화성시,8.56,21685,253213
435,2018,경기도,광주시,9.06,10882,120155
436,2018,경기도,양주시,7.05,5362,76037
437,2018,경기도,포천시,7.55,4041,53552
438,2018,경기도,여주시,10.62,4273,40237
439,2018,경기도,연천군,2.71,432,15967
440,2018,경기도,가평군,14.61,3665,25083
441,2018,경기도,양평군,10.73,4674,43550
442,2018,강원도,동부,9.9,33917,342765
443,2018,강원도,읍부,12.38,13156,106303
444,2018,강원도,면부,16.37,25311,154576
445,2018,강원도,춘천시,6.55,6215,94907
446,2018,강원도,원주시,10.74,13747,128037
447,2018,강원도,강릉시,11.43,9367,81928
448,2018,강원도,동해시,14.2,5412,38116
449,2018,강원도,태백시,16.61,3485,20981
450,2018,강원도,속초시,13.07,4479,34269
451,2018,강원도,삼척시,17.64,5458,30944
452,2018,강원도,홍천군,13.1,3814,29106
453,2018,강원도,횡성군,14.53,2837,19529
454,2018,강원도,영월군,14.27,2484,17404
455,2018,강원도,평창군,26.06,5518,21175
456,2018,강원도,정선군,14.68,2423,16507
457,2018,강원도,철원군,6.2,1014,16364
458,2018,강원도,화천군,6.87,661,9623
459,2018,강원도,양구군,2.05,170,8277
460,2018,강원도,인제군,8.89,1068,12017
461,2018,강원도,고성군,13.08,1524,11653
462,2018,강원도,양양군,21.14,2708,12807
463,2018,충청북도,동부,9.52,30800,323365
464,2018,충청북도,읍부,13.32,16543,124184
465,2018,충청북도,면부,17.12,27414,160137
466,2018,충청북도,충주시,14.94,13161,88082
467,2018,충청북도,제천시,12.48,7024,56261
468,2018,충청북도,청주시,9.65,27370,283664
469,2018,충청북도,상당구,10.73,6510,60650
470,2018,충청북도,서원구,8.5,6140,72244
471,2018,충청북도,흥덕구,9.28,7597,81905
472,2018,충청북도,청원구,10.34,7123,68865
473,2018,충청북도,보은군,14.63,2207,15088
474,2018,충청북도,옥천군,12.93,2794,21611
475,2018,충청북도,영동군,12.03,2523,20972
476,2018,충청북도,진천군,19.07,6733,35314
477,2018,충청북도,괴산군,11.04,1808,16380
478,2018,충청북도,음성군,17.38,7293,41973
479,2018,충청북도,단양군,15.93,2205,13840
480,2018,충청북도,증평군,11.3,1639,14501
481,2018,충청남도,동부,10.25,35706,348332
482,2018,충청남도,읍부,14.09,28563,202721
483,2018,충청남도,면부,14.81,42174,284699
484,2018,충청남도,천안시,10.76,24902,231474
485,2018,충청남도,동남구,10.94,10380,94903
486,2018,충청남도,서북구,10.63,14522,136571
487,2018,충청남도,공주시,13.21,5798,43883
488,2018,충청남도,보령시,12.37,5263,42545
489,2018,충청남도,아산시,12.3,14848,120706
490,2018,충청남도,서산시,15.25,10887,71380
491,2018,충청남도,논산시,11.88,5710,48060
492,2018,충청남도,계룡시,14.37,2325,16174
493,2018,충청남도,당진시,11.84,7525,63534
494,2018,충청남도,금산군,14.23,3267,22957
495,2018,충청남도,부여군,13.39,3998,29848
496,2018,충청남도,서천군,15.33,3802,24799
497,2018,충청남도,청양군,12.37,1734,14016
498,2018,충청남도,홍성군,16.07,6994,43509
499,2018,충청남도,예산군,15.24,5395,35389
500,2018,충청남도,태안군,14.54,3995,27478
501,2018,전라북도,동부,10.92,51778,474089
502,2018,전라북도,읍부,12.71,7851,61786
503,2018,전라북도,면부,15.31,27103,176975
504,2018,전라북도,전주시,8.98,20178,224576
505,2018,전라북도,완산구,8.46,10039,118653
506,2018,전라북도,덕진구,9.57,10139,105923
507,2018,전라북도,군산시,15.54,17460,112370
508,2018,전라북도,익산시,10.62,12242,115281
509,2018,전라북도,정읍시,13.61,6396,46980
510,2018,전라북도,남원시,12.17,4101,33703
511,2018,전라북도,김제시,15.26,5740,37623
512,2018,전라북도,완주군,14.12,5283,37427
513,2018,전라북도,진안군,12.01,1268,10558
514,2018,전라북도,무주군,15.23,1659,10895
515,2018,전라북도,장수군,11.74,1112,9468
516,2018,전라북도,임실군,15.78,2001,12679
517,2018,전라북도,순창군,17.61,2257,12817
518,2018,전라북도,고창군,13.99,3480,24875
519,2018,전라북도,부안군,15.06,3555,23598
520,2018,전라남도,동부,13.53,42503,314044
521,2018,전라남도,읍부,14.9,26332,176698
522,2018,전라남도,면부,17.34,49813,287224
523,2018,전라남도,목포시,11.57,10429,90101
524,2018,전라남도,여수시,12.54,13895,110826
525,2018,전라남도,순천시,13.14,14291,108721
526,2018,전라남도,나주시,23.88,12640,52942
527,2018,전라남도,광양시,15.53,9334,60122
528,2018,전라남도,담양군,14.14,2566,18144
529,2018,전라남도,곡성군,16.89,2257,13361
530,2018,전라남도,구례군,15.78,1819,11526
531,2018,전라남도,고흥군,18.72,6294,33618
532,2018,전라남도,보성군,15.99,3166,19800
533,2018,전라남도,화순군,17.91,5006,27949
534,2018,전라남도,장흥군,14.81,2595,17525
535,2018,전라남도,강진군,17.87,2972,16627
536,2018,전라남도,해남군,13.69,4162,30404
537,2018,전라남도,영암군,20.49,5264,25695
538,2018,전라남도,무안군,17.35,5611,32343
539,2018,전라남도,함평군,16.84,2469,14661
540,2018,전라남도,영광군,16.46,3778,22959
541,2018,전라남도,장성군,16.7,3051,18267
542,2018,전라남도,완도군,14.15,3026,21381
543,2018,전라남도,진도군,13.91,1952,14033
544,2018,전라남도,신안군,12.21,2071,16961
545,2018,경상북도,동부,9.85,50162,509489
546,2018,경상북도,읍부,14.44,34177,236616
547,2018,경상북도,면부,16.69,52466,314400
548,2018,경상북도,포항시,11.23,21791,194123
549,2018,경상북도,남구,11.14,9836,88277
550,2018,경상북도,북구,11.29,11955,105846
551,2018,경상북도,경주시,15.78,16815,106584
552,2018,경상북도,김천시,14.6,8391,57455
553,2018,경상북도,안동시,14.37,9733,67743
554,2018,경상북도,구미시,9.54,13737,143992
555,2018,경상북도,영주시,9.81,4155,42343
556,2018,경상북도,영천시,14.78,6475,43795
557,2018,경상북도,상주시,13.09,5641,43082
558,2018,경상북도,문경시,13.3,4001,30090
559,2018,경상북도,경산시,9.08,8421,92790
560,2018,경상북도,군위군,13.94,1525,10936
561,2018,경상북도,의성군,16.32,4282,26230
562,2018,경상북도,청송군,16.41,2040,12428
563,2018,경상북도,영양군,14.56,1195,8209
564,2018,경상북도,영덕군,16.17,2950,18244
565,2018,경상북도,청도군,22.03,4744,21536
566,2018,경상북도,고령군,13.28,1825,13739
567,2018,경상북도,성주군,12.24,2071,16919
568,2018,경상북도,칠곡군,11.96,5038,42113
569,2018,경상북도,예천군,19.86,5193,26146
570,2018,경상북도,봉화군,14.21,2170,15276
571,2018,경상북도,울진군,18.9,4487,23736
572,2018,경상북도,울릉군,4.17,125,2996
573,2018,경상남도,동부,8.36,60001,718040
574,2018,경상남도,읍부,10.84,20754,191371
575,2018,경상남도,면부,16.11,51115,317297
576,2018,경상남도,진주시,8.2,9750,118859
577,2018,경상남도,통영시,12.44,6355,51096
578,2018,경상남도,사천시,13.31,6162,46294
579,2018,경상남도,김해시,6.47,11261,173974
580,2018,경상남도,밀양시,13.49,6309,46779
581,2018,경상남도,거제시,17.06,16617,97425
582,2018,경상남도,양산시,8.51,10802,126874
583,2018,경상남도,창원시,8.17,28113,343978
584,2018,경상남도,의창구,6.65,4879,73409
585,2018,경상남도,성산구,7.36,5323,72307
586,2018,경상남도,마산합포구,8.99,5747,63932
587,2018,경상남도,마산회원구,4.51,2831,62749
588,2018,경상남도,진해구,13.04,9333,71581
589,2018,경상남도,의령군,18.74,2518,13435
590,2018,경상남도,함안군,12.67,3567,28145
591,2018,경상남도,창녕군,14.04,3871,27574
592,2018,경상남도,고성군,16.95,4054,23918
593,2018,경상남도,남해군,19.76,4440,22473
594,2018,경상남도,하동군,14.44,2959,20487
595,2018,경상남도,산청군,17.55,2928,16688
596,2018,경상남도,함양군,16.2,2960,18272
597,2018,경상남도,거창군,16.37,4450,27188
598,2018,경상남도,합천군,20.45,4754,23249
599,2018,제주특별자치도,동부,12.5,20136,161135
600,2018,제주특별자치도,읍부,17.19,9917,57686
601,2018,제주특별자치도,면부,17.9,2550,14247
602,2018,제주특별자치도,제주시,12.99,21465,165220
603,2018,제주특별자치도,서귀포시,16.42,11138,67848
604,2019,서울특별시,종로구,5.08,2360,46440
605,2019,서울특별시,중구,4.79,2001,41754
606,2019,서울특별시,용산구,6.35,4599,72463
607,2019,서울특별시,성동구,2.29,2086,91037
608,2019,서울특별시,광진구,1.13,1008,89132
609,2019,서울특별시,동대문구,3.98,4177,104821
610,2019,서울특별시,중랑구,1.66,1795,107997
611,2019,서울특별시,성북구,2.92,3981,136437
612,2019,서울특별시,강북구,3.38,3282,97070
613,2019,서울특별시,도봉구,3.11,3320,106641
614,2019,서울특별시,노원구,2.98,5575,187376
615,2019,서울특별시,은평구,2.67,3960,148557
616,2019,서울특별시,서대문구,2.55,2492,97616
617,2019,서울특별시,마포구,4.24,5058,119298
618,2019,서울특별시,양천구,2.98,4164,139938
619,2019,서울특별시,강서구,3.8,7353,193551
620,2019,서울특별시,구로구,3.82,4948,129693
621,2019,서울특별시,금천구,2.14,1432,67012
622,2019,서울특별시,영등포구,1.75,1773,101603
623,2019,서울특별시,동작구,0.73,844,115075
624,2019,서울특별시,관악구,0.66,840,126526
625,2019,서울특별시,서초구,4.87,6419,131777
626,2019,서울특별시,강남구,6.37,10855,170444
627,2019,서울특별시,송파구,2.47,5151,208692
628,2019,서울특별시,강동구,3.19,3929,123014
629,2019,부산광역시,동부,8.81,104856,1189929
630,2019,부산광역시,읍부,8.01,4259,53159
631,2019,부산광역시,면부,8.04,536,6669
632,2019,부산광역시,중구,17.17,2935,17095
633,2019,부산광역시,서구,9.54,3859,40431
634,2019,부산광역시,동구,11.21,3611,32199
635,2019,부산광역시,영도구,10.37,4826,46522
636,2019,부산광역시,부산진구,10.73,14789,137886
637,2019,부산광역시,동래구,8.46,7932,93805
638,2019,부산광역시,남구,12.14,13107,107984
639,2019,부산광역시,북구,6.85,7287,106359
640,2019,부산광역시,해운대구,7.96,11448,143894
641,2019,부산광역시,사하구,7.14,8367,117239
642,2019,부산광역시,금정구,8.59,7401,86185
643,2019,부산광역시,강서구,9.09,3976,43718
644,2019,부산광역시,연제구,6.94,5068,73078
645,2019,부산광역시,수영구,9.52,6400,67214
646,2019,부산광역시,사상구,5.04,3850,76320
647,2019,부산광역시,기장군,8.01,4795,59828
648,2019,대구광역시,동부,4.57,32260,705329
649,2019,대구광역시,읍부,8.3,7159,86231
650,2019,대구광역시,면부,14.83,1302,8780
651,2019,대구광역시,중구,7.81,2020,25874
652,2019,대구광역시,동구,5.44,6579,120976
653,2019,대구광역시,서구,5.39,2869,53200
654,2019,대구광역시,남구,4.94,2076,41984
655,2019,대구광역시,북구,4.39,6296,143485
656,2019,대구광역시,수성구,4.88,6649,136216
657,2019,대구광역시,달서구,3.14,5771,183594
658,2019,대구광역시,달성군,8.91,8461,95011
659,2019,인천광역시,동부,6.23,61215,982511
660,2019,인천광역시,읍부,12.06,1058,8770
661,2019,인천광역시,면부,15.75,4422,28084
662,2019,인천광역시,중구,12.54,6327,50445
663,2019,인천광역시,동구,7.68,1882,24497
664,2019,인천광역시,연수구,5.37,6410,119272
665,2019,인천광역시,남동구,6.63,12323,185746
666,2019,인천광역시,부평구,5.14,8722,169538
667,2019,인천광역시,계양구,4.69,4986,106268
668,2019,인천광역시,서구,5.26,9517,181040
669,2019,인천광역시,미추홀구,7.58,11048,145705
670,2019,인천광역시,강화군,14.85,4265,28714
671,2019,인천광역시,옹진군,14.93,1215,8140
672,2019,광주광역시,동구,11.33,4263,37639
673,2019,광주광역시,서구,6.64,6974,105064
674,2019,광주광역시,남구,8.37,6716,80261
675,2019,광주광역시,북구,7.53,11994,159349
676,2019,광주광역시,광산구,6.73,9678,143848
677,2019,대전광역시,동구,5.69,4536,79740
678,2019,대전광역시,중구,5.61,4619,82320
679,2019,대전광역시,서구,5.05,7689,152276
680,2019,대전광역시,유성구,7.33,8577,117035
681,2019,대전광역시,대덕구,6.87,4219,61426
682,2019,울산광역시,동부,7.69,23725,308603
683,2019,울산광역시,읍부,8.63,5112,59259
684,2019,울산광역시,면부,18.02,4277,23734
685,2019,울산광역시,중구,6.27,4448,70927
686,2019,울산광역시,남구,7.84,8497,108443
687,2019,울산광역시,동구,7.17,3808,53125
688,2019,울산광역시,북구,9.16,6972,76108
689,2019,울산광역시,울주군,11.31,9389,82993
690,2019,세종특별자치시,동부,12.23,11854,96892
691,2019,세종특별자치시,읍부,13.02,2164,16615
692,2019,세종특별자치시,면부,12.9,2419,18750
693,2019,경기도,동부,5.57,198712,3564396
694,2019,경기도,읍부,9.84,51064,518902
695,2019,경기도,면부,10.7,29039,271478
696,2019,경기도,수원시,4.6,17099,371665
697,2019,경기도,장안구,4.83,4133,85567
698,2019,경기도,권선구,5.14,6118,119081
699,2019,경기도,팔달구,5.48,3140,57334
700,2019,경기도,영통구,3.38,3708,109683
701,2019,경기도,성남시,2.37,6096,257377
702,2019,경기도,수정구,3.42,2027,59333
703,2019,경기도,중원구,1.89,1128,59647
704,2019,경기도,분당구,2.13,2941,138397
705,2019,경기도,의정부시,5.16,7762,150397
706,2019,경기도,안양시,3.59,6386,178130
707,2019,경기도,만안구,4.06,3098,76286
708,2019,경기도,동안구,3.23,3288,101844
709,2019,경기도,부천시,4.66,12472,267622
710,2019,경기도,광명시,3.87,4019,103740
711,2019,경기도,평택시,18.17,38167,210018
712,2019,경기도,동두천시,10.53,3942,37452
713,2019,경기도,안산시,6.77,14083,207974
714,2019,경기도,상록구,7.77,8223,105887
715,2019,경기도,단원구,5.74,5860,102087
716,2019,경기도,고양시,4.43,14528,327782
717,2019,경기도,덕양구,4.62,7027,152055
718,2019,경기도,일산동구,5.12,4180,81576
719,2019,경기도,일산서구,3.53,3321,94151
720,2019,경기도,과천시,0.62,81,13008
721,2019,경기도,구리시,2.21,1305,58998
722,2019,경기도,남양주시,5.24,12245,233886
723,2019,경기도,오산시,8.95,7281,81342
724,2019,경기도,시흥시,7.42,12195,164258
725,2019,경기도,군포시,4.6,4183,90977
726,2019,경기도,의왕시,4.53,2378,52452
727,2019,경기도,하남시,2.96,2360,79750
728,2019,경기도,용인시,5.14,17703,344619
729,2019,경기도,처인구,8.26,7443,90135
730,2019,경기도,기흥구,4.21,5847,138940
731,2019,경기도,수지구,3.82,4413,115544
732,2019,경기도,파주시,6.26,9547,152606
733,2019,경기도,이천시,9.4,7140,75940
734,2019,경기도,안성시,12.9,9603,74462
735,2019,경기도,김포시,4.1,5996,146321
736,2019,경기도,화성시,9.66,27616,285879
737,2019,경기도,광주시,8.1,10173,125545
738,2019,경기도,양주시,6.68,5335,79875
739,2019,경기도,포천시,8.45,4577,54168
740,2019,경기도,여주시,10.56,4336,41059
741,2019,경기도,연천군,4.03,649,16111
742,2019,경기도,가평군,16.06,4175,25995
743,2019,경기도,양평군,11.87,5383,45368
744,2019,강원도,동부,12.16,43745,359649
745,2019,강원도,읍부,13.57,14597,107535
746,2019,강원도,면부,16.26,26040,160192
747,2019,강원도,춘천시,10.03,10110,100791
748,2019,강원도,원주시,13.11,18060,137734
749,2019,강원도,강릉시,12.1,10377,85780
750,2019,강원도,동해시,15.11,5877,38906
751,2019,강원도,태백시,15.54,3200,20595
752,2019,강원도,속초시,15.05,5433,36090
753,2019,강원도,삼척시,16.91,5191,30699
754,2019,강원도,홍천군,14.05,4158,29593
755,2019,강원도,횡성군,13.72,2708,19741
756,2019,강원도,영월군,12.38,2126,17171
757,2019,강원도,평창군,25.42,5439,21396
758,2019,강원도,정선군,15.73,2673,16994
759,2019,강원도,철원군,8.52,1413,16579
760,2019,강원도,화천군,11.89,1165,9795
761,2019,강원도,양구군,6.65,546,8211
762,2019,강원도,인제군,10.23,1243,12152
763,2019,강원도,고성군,14.54,1681,11559
764,2019,강원도,양양군,21.94,2982,13590
765,2019,충청북도,동부,9.99,33364,334097
766,2019,충청북도,읍부,12.88,17535,136104
767,2019,충청북도,면부,17.09,26621,155756
768,2019,충청북도,충주시,16.55,15249,92114
769,2019,충청북도,제천시,12.47,7176,57548
770,2019,충청북도,청주시,9.48,27747,292599
771,2019,충청북도,상당구,8.3,5143,61993
772,2019,충청북도,서원구,8.04,5807,72227
773,2019,충청북도,흥덕구,11.8,10603,89843
774,2019,충청북도,청원구,9.04,6194,68536
775,2019,충청북도,보은군,16.91,2647,15657
776,2019,충청북도,옥천군,12.46,2688,21576
777,2019,충청북도,영동군,12.38,2612,21104
778,2019,충청북도,진천군,14.86,5434,36556
779,2019,충청북도,괴산군,11.88,2000,16836
780,2019,충청북도,음성군,18.16,7785,42864
781,2019,충청북도,단양군,15.24,2112,13854
782,2019,충청북도,증평군,13.57,2070,15249
783,2019,충청남도,동부,10.11,36065,356857
784,2019,충청남도,읍부,14.22,29456,207091
785,2019,충청남도,면부,14.69,42088,286577
786,2019,충청남도,천안시,10.75,25625,238264
787,2019,충청남도,동남구,11.41,11228,98376
788,2019,충청남도,서북구,10.29,14397,139888
789,2019,충청남도,공주시,13.99,6332,45271
790,2019,충청남도,보령시,12.72,5469,43005
791,2019,충청남도,아산시,12.51,15466,123673
792,2019,충청남도,서산시,14.85,10814,72837
793,2019,충청남도,논산시,12.36,6040,48874
794,2019,충청남도,계룡시,13.39,2173,16225
795,2019,충청남도,당진시,10.84,6879,63441
796,2019,충청남도,금산군,14.59,3372,23104
797,2019,충청남도,부여군,12.52,3707,29614
798,2019,충청남도,서천군,15.84,3948,24917
799,2019,충청남도,청양군,12.08,1690,13995
800,2019,충청남도,홍성군,15.36,6698,43617
801,2019,충청남도,예산군,14.47,5129,35439
802,2019,충청남도,태안군,15.1,4267,28249
803,2019,전라북도,동부,11.33,54906,484471
804,2019,전라북도,읍부,13.9,8742,62877
805,2019,전라북도,면부,15.52,27490,177176
806,2019,전라북도,전주시,9.48,22044,232631
807,2019,전라북도,완산구,8.89,10624,119541
808,2019,전라북도,덕진구,10.1,11420,113090
809,2019,전라북도,군산시,15.33,17342,113112
810,2019,전라북도,익산시,11.51,13397,116378
811,2019,전라북도,정읍시,13.48,6328,46927
812,2019,전라북도,남원시,12.47,4237,33980
813,2019,전라북도,김제시,15.75,5948,37759
814,2019,전라북도,완주군,15.29,5776,37782
815,2019,전라북도,진안군,12.13,1301,10724
816,2019,전라북도,무주군,14.91,1631,10940
817,2019,전라북도,장수군,11.02,1050,9531
818,2019,전라북도,임실군,16.43,2110,12843
819,2019,전라북도,순창군,18.33,2372,12943
820,2019,전라북도,고창군,15.09,3805,25219
821,2019,전라북도,부안군,15.98,3797,23755
822,2019,전라남도,동부,13.9,44356,319041
823,2019,전라남도,읍부,15.31,27667,180666
824,2019,전라남도,면부,17.27,49744,288109
825,2019,전라남도,목포시,12.57,11500,91490
826,2019,전라남도,여수시,13.05,14716,112752
827,2019,전라남도,순천시,13.71,15336,111831
828,2019,전라남도,나주시,21.5,11399,53024
829,2019,전라남도,광양시,15.14,9148,60427
830,2019,전라남도,담양군,15.35,2809,18299
831,2019,전라남도,곡성군,16.26,2192,13484
832,2019,전라남도,구례군,16.45,1918,11661
833,2019,전라남도,고흥군,18.54,6245,33687
834,2019,전라남도,보성군,15.05,2933,19491
835,2019,전라남도,화순군,18.02,5035,27942
836,2019,전라남도,장흥군,13.96,2456,17596
837,2019,전라남도,강진군,18.76,3159,16843
838,2019,전라남도,해남군,15.72,4911,31247
839,2019,전라남도,영암군,22.52,6090,27037
840,2019,전라남도,무안군,17.78,5760,32404
841,2019,전라남도,함평군,16.42,2413,14693
842,2019,전라남도,영광군,16.67,3854,23125
843,2019,전라남도,장성군,17.23,3232,18754
844,2019,전라남도,완도군,13.83,2967,21446
845,2019,전라남도,진도군,13.31,1859,13965
846,2019,전라남도,신안군,11.04,1835,16618
847,2019,경상북도,동부,10.57,54800,518440
848,2019,경상북도,읍부,14.94,36210,242365
849,2019,경상북도,면부,16.4,52550,320411
850,2019,경상북도,포항시,11.96,23690,198062
851,2019,경상북도,남구,11.96,10670,89247
852,2019,경상북도,북구,11.97,13020,108815
853,2019,경상북도,경주시,16.19,17699,109332
854,2019,경상북도,김천시,16.72,10090,60340
855,2019,경상북도,안동시,14.24,9677,67940
856,2019,경상북도,구미시,11.1,16643,149882
857,2019,경상북도,영주시,9.65,4082,42282
858,2019,경상북도,영천시,14.09,6262,44453
859,2019,경상북도,상주시,12.91,5558,43058
860,2019,경상북도,문경시,13.03,3939,30233
861,2019,경상북도,경산시,9.15,8693,94957
862,2019,경상북도,군위군,12.68,1387,10940
863,2019,경상북도,의성군,15.6,4083,26167
864,2019,경상북도,청송군,15.6,1929,12366
865,2019,경상북도,영양군,14.37,1176,8183
866,2019,경상북도,영덕군,16.15,2945,18232
867,2019,경상북도,청도군,20.97,4548,21688
868,2019,경상북도,고령군,12.69,1740,13709
869,2019,경상북도,성주군,10.5,1778,16926
870,2019,경상북도,칠곡군,12.87,5525,42920
871,2019,경상북도,예천군,20.13,5543,27533
872,2019,경상북도,봉화군,13.43,2040,15187
873,2019,경상북도,울진군,18.43,4382,23776
874,2019,경상북도,울릉군,4.95,151,3050
875,2019,경상남도,동부,9.81,73364,747749
876,2019,경상남도,읍부,10.78,21000,194727
877,2019,경상남도,면부,16.29,52809,324263
878,2019,경상남도,진주시,9.3,11605,124822
879,2019,경상남도,통영시,13.04,6786,52023
880,2019,경상남도,사천시,13.97,6543,46828
881,2019,경상남도,김해시,9.68,18343,189429
882,2019,경상남도,밀양시,14.25,6810,47781
883,2019,경상남도,거제시,17.76,17578,98994
884,2019,경상남도,양산시,9.5,12362,130194
885,2019,경상남도,창원시,8.67,30753,354691
886,2019,경상남도,의창구,7.42,5875,79170
887,2019,경상남도,성산구,7.52,5446,72444
888,2019,경상남도,마산합포구,8.58,5519,64292
889,2019,경상남도,마산회원구,5.1,3256,63898
890,2019,경상남도,진해구,14.23,10657,74887
891,2019,경상남도,의령군,17.18,2281,13278
892,2019,경상남도,함안군,12.57,3527,28069
893,2019,경상남도,창녕군,14.96,4187,27994
894,2019,경상남도,고성군,17.56,4202,23925
895,2019,경상남도,남해군,20.64,4681,22676
896,2019,경상남도,하동군,13.17,2682,20359
897,2019,경상남도,산청군,17.39,2919,16781
898,2019,경상남도,함양군,16.77,3125,18633
899,2019,경상남도,거창군,15.24,4108,26961
900,2019,경상남도,합천군,20.09,4681,23301
901,2019,제주특별자치도,동부,13.15,21777,165595
902,2019,제주특별자치도,읍부,18.97,11562,60958
903,2019,제주특별자치도,면부,21.18,3227,15235
904,2019,제주특별자치도,제주시,13.71,23369,170431
905,2019,제주특별자치도,서귀포시,18.49,13197,71357
906,2020,서울특별시,종로구,4.68,2194,46859
907,2020,서울특별시,중구,4.38,1850,42234
908,2020,서울특별시,용산구,6.05,4513,74542
909,2020,서울특별시,성동구,2.78,2538,91329
910,2020,서울특별시,광진구,0.82,735,89832
911,2020,서울특별시,동대문구,1.95,2022,103520
912,2020,서울특별시,중랑구,1.79,2010,112364
913,2020,서울특별시,성북구,2.69,3728,138621
914,2020,서울특별시,강북구,2.55,2482,97452
915,2020,서울특별시,도봉구,3.04,3257,107156
916,2020,서울특별시,노원구,2.97,5626,189213
917,2020,서울특별시,은평구,2.36,3556,150658
918,2020,서울특별시,서대문구,2.74,2767,101036
919,2020,서울특별시,마포구,4.48,5481,122311
920,2020,서울특별시,양천구,3.16,4541,143769
921,2020,서울특별시,강서구,3.82,7461,195383
922,2020,서울특별시,구로구,3.73,4964,133012
923,2020,서울특별시,금천구,2.21,1523,68804
924,2020,서울특별시,영등포구,2.62,2812,107366
925,2020,서울특별시,동작구,0.66,768,115615
926,2020,서울특별시,관악구,0.6,764,127568
927,2020,서울특별시,서초구,5.8,7747,133528
928,2020,서울특별시,강남구,7.15,12417,173745
929,2020,서울특별시,송파구,2.91,6161,211578
930,2020,서울특별시,강동구,3.42,4712,137876
931,2020,부산광역시,동부,8.84,107025,1210318
932,2020,부산광역시,읍부,9.08,4833,53246
933,2020,부산광역시,면부,12.62,1552,12295
934,2020,부산광역시,중구,16.2,2781,17170
935,2020,부산광역시,서구,10.2,4241,41592
936,2020,부산광역시,동구,11.55,3902,33775
937,2020,부산광역시,영도구,10.91,5087,46617
938,2020,부산광역시,부산진구,10.93,15483,141650
939,2020,부산광역시,동래구,6.5,6145,94561
940,2020,부산광역시,남구,12.74,13789,108223
941,2020,부산광역시,북구,5.81,6176,106250
942,2020,부산광역시,해운대구,8.35,12221,146373
943,2020,부산광역시,사하구,7.58,8922,117701
944,2020,부산광역시,금정구,8.84,7670,86739
945,2020,부산광역시,강서구,9.46,4554,48150
946,2020,부산광역시,연제구,6.6,4955,75081
947,2020,부산광역시,수영구,9.98,6963,69748
948,2020,부산광역시,사상구,5.39,4136,76688
949,2020,부산광역시,기장군,9.74,6385,65541
950,2020,대구광역시,동부,4.36,31028,712207
951,2020,대구광역시,읍부,6.67,5800,86924
952,2020,대구광역시,면부,21.0,2241,10671
953,2020,대구광역시,중구,6.82,1744,25584
954,2020,대구광역시,동구,5.48,6747,123199
955,2020,대구광역시,서구,2.93,1505,51379
956,2020,대구광역시,남구,6.53,2782,42607
957,2020,대구광역시,북구,4.58,6767,147686
958,2020,대구광역시,수성구,4.17,5719,136996
959,2020,대구광역시,달서구,3.12,5764,184756
960,2020,대구광역시,달성군,8.24,8041,97595
961,2020,인천광역시,동부,6.05,60183,995159
962,2020,인천광역시,읍부,11.7,1043,8913
963,2020,인천광역시,면부,16.15,4635,28702
964,2020,인천광역시,중구,9.2,4690,50974
965,2020,인천광역시,동구,7.94,1946,24518
966,2020,인천광역시,연수구,5.33,6790,127407
967,2020,인천광역시,남동구,5.97,11179,187149
968,2020,인천광역시,부평구,5.15,8677,168544
969,2020,인천광역시,계양구,5.07,5420,107004
970,2020,인천광역시,서구,4.94,9033,182797
971,2020,인천광역시,미추홀구,8.48,12448,146766
972,2020,인천광역시,강화군,14.53,4260,29323
973,2020,인천광역시,옹진군,17.1,1418,8292
974,2020,광주광역시,동구,11.47,4600,40108
975,2020,광주광역시,서구,6.38,6773,106173
976,2020,광주광역시,남구,8.08,6524,80737
977,2020,광주광역시,북구,7.82,12735,162768
978,2020,광주광역시,광산구,7.38,10953,148489
979,2020,대전광역시,동구,5.62,4456,79262
980,2020,대전광역시,중구,4.97,4080,82051
981,2020,대전광역시,서구,4.16,6387,153397
982,2020,대전광역시,유성구,6.18,7363,119063
983,2020,대전광역시,대덕구,7.44,4697,63102
984,2020,울산광역시,동부,7.01,21835,311454
985,2020,울산광역시,읍부,8.3,5657,68156
986,2020,울산광역시,면부,18.3,2749,15024
987,2020,울산광역시,중구,6.02,4264,70794
988,2020,울산광역시,남구,7.9,8722,110405
989,2020,울산광역시,동구,6.93,3721,53662
990,2020,울산광역시,북구,6.7,5128,76593
991,2020,울산광역시,울주군,10.11,8406,83180
992,2020,세종특별자치시,동부,10.06,10208,101509
993,2020,세종특별자치시,읍부,11.64,1941,16670
994,2020,세종특별자치시,면부,11.95,2236,18708
995,2020,경기도,동부,5.32,195586,3677426
996,2020,경기도,읍부,9.09,48903,538176
997,2020,경기도,면부,9.97,27869,279513
998,2020,경기도,수원시,3.6,13387,372228
999,2020,경기도,장안구,3.73,3184,85399
1000,2020,경기도,권선구,3.64,4329,118970
1001,2020,경기도,팔달구,5.48,3176,58005
1002,2020,경기도,영통구,2.46,2698,109854
1003,2020,경기도,성남시,2.0,5252,262573
1004,2020,경기도,수정구,2.69,1721,64003
1005,2020,경기도,중원구,1.65,985,59742
1006,2020,경기도,분당구,1.83,2546,138828
1007,2020,경기도,의정부시,4.99,7875,157778
1008,2020,경기도,안양시,5.57,9955,178613
1009,2020,경기도,만안구,6.05,4665,77113
1010,2020,경기도,동안구,5.21,5290,101500
1011,2020,경기도,부천시,4.76,12930,271570
1012,2020,경기도,광명시,7.32,7580,103493
1013,2020,경기도,평택시,16.1,35395,219871
1014,2020,경기도,동두천시,10.09,3811,37755
1015,2020,경기도,안산시,7.82,17216,220241
1016,2020,경기도,상록구,9.78,11152,114069
1017,2020,경기도,단원구,5.71,6064,106172
1018,2020,경기도,고양시,3.53,11809,334425
1019,2020,경기도,덕양구,4.35,6888,158223
1020,2020,경기도,일산동구,3.28,2694,82011
1021,2020,경기도,일산서구,2.36,2227,94191
1022,2020,경기도,과천시,1.51,224,14819
1023,2020,경기도,구리시,3.31,2004,60554
1024,2020,경기도,남양주시,5.1,12272,240547
1025,2020,경기도,오산시,5.94,4886,82323
1026,2020,경기도,시흥시,7.71,13811,179205
1027,2020,경기도,군포시,3.14,2866,91152
1028,2020,경기도,의왕시,7.4,4277,57799
1029,2020,경기도,하남시,3.66,3106,84875
1030,2020,경기도,용인시,3.82,13346,349222
1031,2020,경기도,처인구,7.15,6526,91311
1032,2020,경기도,기흥구,3.0,4191,139863
1033,2020,경기도,수지구,2.23,2629,118048
1034,2020,경기도,파주시,6.83,10965,160504
1035,2020,경기도,이천시,9.03,7052,78117
1036,2020,경기도,안성시,11.41,8747,76636
1037,2020,경기도,김포시,4.67,7458,159766
1038,2020,경기도,화성시,7.93,23817,300372
1039,2020,경기도,광주시,5.46,6995,128175
1040,2020,경기도,양주시,7.4,6329,85563
1041,2020,경기도,포천시,8.26,4547,55033
1042,2020,경기도,여주시,9.19,3824,41610
1043,2020,경기도,연천군,6.86,1182,17241
1044,2020,경기도,가평군,15.61,4143,26538
1045,2020,경기도,양평군,11.39,5297,46517
1046,2020,강원도,동부,11.53,42439,368122
1047,2020,강원도,읍부,13.44,14729,109598
1048,2020,강원도,면부,16.2,26938,166303
1049,2020,강원도,춘천시,8.42,8682,103078
1050,2020,강원도,원주시,12.24,17457,142591
1051,2020,강원도,강릉시,11.76,10300,87579
1052,2020,강원도,동해시,16.84,6923,41116
1053,2020,강원도,태백시,15.24,3124,20504
1054,2020,강원도,속초시,15.46,5833,37736
1055,2020,강원도,삼척시,17.18,5293,30818
1056,2020,강원도,홍천군,13.06,3930,30099
1057,2020,강원도,횡성군,13.15,2643,20098
1058,2020,강원도,영월군,11.34,1967,17343
1059,2020,강원도,평창군,25.25,5504,21801
1060,2020,강원도,정선군,14.33,2456,17137
1061,2020,강원도,철원군,7.71,1285,16673
1062,2020,강원도,화천군,9.87,972,9850
1063,2020,강원도,양구군,7.77,643,8275
1064,2020,강원도,인제군,14.02,1825,13014
1065,2020,강원도,고성군,15.58,1855,11910
1066,2020,강원도,양양군,23.71,3414,14401
1067,2020,충청북도,동부,9.98,34432,344904
1068,2020,충청북도,읍부,12.85,17836,138814
1069,2020,충청북도,면부,15.72,24609,156538
1070,2020,충청북도,충주시,15.55,14524,93399
1071,2020,충청북도,제천시,11.62,6722,57840
1072,2020,충청북도,청주시,9.35,28333,302927
1073,2020,충청북도,상당구,11.09,7836,70670
1074,2020,충청북도,서원구,8.71,6315,72483
1075,2020,충청북도,흥덕구,8.64,7874,91126
1076,2020,충청북도,청원구,9.19,6308,68648
1077,2020,충청북도,보은군,15.58,2447,15702
1078,2020,충청북도,옥천군,11.72,2541,21677
1079,2020,충청북도,영동군,13.08,2776,21218
1080,2020,충청북도,진천군,17.13,6567,38332
1081,2020,충청북도,괴산군,8.44,1437,17021
1082,2020,충청북도,음성군,17.32,7436,42939
1083,2020,충청북도,단양군,15.16,2107,13898
1084,2020,충청북도,증평군,12.98,1987,15303
1085,2020,충청남도,동부,9.53,34765,364918
1086,2020,충청남도,읍부,14.22,30017,211072
1087,2020,충청남도,면부,14.41,41648,289018
1088,2020,충청남도,천안시,10.12,24730,244364
1089,2020,충청남도,동남구,10.72,10636,99254
1090,2020,충청남도,서북구,9.71,14094,145110
1091,2020,충청남도,공주시,13.03,5896,45266
1092,2020,충청남도,보령시,12.66,5582,44089
1093,2020,충청남도,아산시,12.53,15826,126319
1094,2020,충청남도,서산시,12.94,9457,73069
1095,2020,충청남도,논산시,11.9,5825,48936
1096,2020,충청남도,계룡시,17.26,2960,17152
1097,2020,충청남도,당진시,11.66,7524,64504
1098,2020,충청남도,금산군,13.35,3105,23266
1099,2020,충청남도,부여군,12.2,3620,29661
1100,2020,충청남도,서천군,17.46,4479,25647
1101,2020,충청남도,청양군,11.47,1613,14062
1102,2020,충청남도,홍성군,13.9,6042,43472
1103,2020,충청남도,예산군,15.1,5492,36369
1104,2020,충청남도,태안군,14.84,4279,28832
1105,2020,전라북도,동부,11.79,58798,498583
1106,2020,전라북도,읍부,14.52,9474,65253
1107,2020,전라북도,면부,15.3,27140,177385
1108,2020,전라북도,전주시,9.39,22532,240012
1109,2020,전라북도,완산구,9.41,11706,124435
1110,2020,전라북도,덕진구,9.37,10826,115577
1111,2020,전라북도,군산시,16.31,19033,116663
1112,2020,전라북도,익산시,11.96,14032,117355
1113,2020,전라북도,정읍시,14.69,7072,48152
1114,2020,전라북도,남원시,12.94,4524,34965
1115,2020,전라북도,김제시,15.75,5944,37736
1116,2020,전라북도,완주군,15.4,5991,38905
1117,2020,전라북도,진안군,11.32,1235,10908
1118,2020,전라북도,무주군,15.59,1745,11195
1119,2020,전라북도,장수군,10.69,1021,9555
1120,2020,전라북도,임실군,14.78,1896,12830
1121,2020,전라북도,순창군,18.08,2375,13135
1122,2020,전라북도,고창군,15.0,3790,25269
1123,2020,전라북도,부안군,17.2,4222,24541
1124,2020,전라남도,동부,13.93,45423,326084
1125,2020,전라남도,읍부,15.29,28460,186168
1126,2020,전라남도,면부,16.64,48220,289791
1127,2020,전라남도,목포시,14.15,13345,94332
1128,2020,전라남도,여수시,12.69,14464,113941
1129,2020,전라남도,순천시,12.87,14663,113964
1130,2020,전라남도,나주시,21.18,11549,54524
1131,2020,전라남도,광양시,13.67,8274,60548
1132,2020,전라남도,담양군,13.98,2585,18485
1133,2020,전라남도,곡성군,15.83,2135,13488
1134,2020,전라남도,구례군,15.5,1811,11687
1135,2020,전라남도,고흥군,18.65,6370,34150
1136,2020,전라남도,보성군,14.43,2808,19464
1137,2020,전라남도,화순군,18.36,5257,28628
1138,2020,전라남도,장흥군,13.94,2465,17679
1139,2020,전라남도,강진군,18.78,3238,17241
1140,2020,전라남도,해남군,14.33,4492,31350
1141,2020,전라남도,영암군,21.82,5981,27410
1142,2020,전라남도,무안군,19.37,6856,35403
1143,2020,전라남도,함평군,16.01,2366,14777
1144,2020,전라남도,영광군,15.31,3534,23083
1145,2020,전라남도,장성군,16.73,3138,18761
1146,2020,전라남도,완도군,14.45,3193,22096
1147,2020,전라남도,진도군,13.29,1904,14327
1148,2020,전라남도,신안군,10.03,1675,16705
1149,2020,경상북도,동부,10.29,54213,526748
1150,2020,경상북도,읍부,14.18,35693,251633
1151,2020,경상북도,면부,15.78,49864,315925
1152,2020,경상북도,포항시,11.58,23356,201611
1153,2020,경상북도,남구,11.96,10744,89851
1154,2020,경상북도,북구,11.28,12612,111760
1155,2020,경상북도,경주시,14.55,15928,109481
1156,2020,경상북도,김천시,14.78,8921,60378
1157,2020,경상북도,안동시,14.82,10371,69997
1158,2020,경상북도,구미시,10.26,15604,152076
1159,2020,경상북도,영주시,9.27,3927,42345
1160,2020,경상북도,영천시,13.98,6306,45092
1161,2020,경상북도,상주시,13.42,5866,43713
1162,2020,경상북도,문경시,12.11,3675,30337
1163,2020,경상북도,경산시,9.14,8837,96711
1164,2020,경상북도,군위군,11.91,1315,11043
1165,2020,경상북도,의성군,14.66,3832,26136
1166,2020,경상북도,청송군,14.86,1857,12493
1167,2020,경상북도,영양군,13.8,1131,8197
1168,2020,경상북도,영덕군,15.83,2885,18220
1169,2020,경상북도,청도군,20.39,4435,21748
1170,2020,경상북도,고령군,13.25,1826,13785
1171,2020,경상북도,성주군,9.36,1595,17038
1172,2020,경상북도,칠곡군,14.36,6317,44000
1173,2020,경상북도,예천군,18.44,5072,27501
1174,2020,경상북도,봉화군,13.65,2084,15270
1175,2020,경상북도,울진군,18.48,4449,24069
1176,2020,경상북도,울릉군,5.91,181,3065
1177,2020,경상남도,동부,9.9,76356,771441
1178,2020,경상남도,읍부,10.52,20595,195809
1179,2020,경상남도,면부,16.39,54031,329694
1180,2020,경상남도,진주시,10.1,13162,130282
1181,2020,경상남도,통영시,13.38,7034,52552
1182,2020,경상남도,사천시,16.11,7933,49245
1183,2020,경상남도,김해시,8.58,16623,193783
1184,2020,경상남도,밀양시,15.02,7382,49162
1185,2020,경상남도,거제시,16.63,16594,99797
1186,2020,경상남도,양산시,8.77,11657,132927
1187,2020,경상남도,창원시,9.3,34030,366057
1188,2020,경상남도,의창구,6.0,4985,83059
1189,2020,경상남도,성산구,7.51,5441,72481
1190,2020,경상남도,마산합포구,14.27,9876,69200
1191,2020,경상남도,마산회원구,6.15,4103,66670
1192,2020,경상남도,진해구,12.89,9625,74647
1193,2020,경상남도,의령군,17.55,2366,13482
1194,2020,경상남도,함안군,12.25,3432,28005
1195,2020,경상남도,창녕군,14.46,4054,28031
1196,2020,경상남도,고성군,17.05,4090,23984
1197,2020,경상남도,남해군,21.48,4929,22950
1198,2020,경상남도,하동군,13.46,2748,20413
1199,2020,경상남도,산청군,17.35,2938,16934
1200,2020,경상남도,함양군,17.03,3217,18891
1201,2020,경상남도,거창군,14.8,3999,27014
1202,2020,경상남도,합천군,20.46,4794,23435
1203,2020,제주특별자치도,동부,12.33,20780,168537
1204,2020,제주특별자치도,읍부,17.57,10916,62136
1205,2020,제주특별자치도,면부,21.61,3409,15778
1206,2020,제주특별자치도,제주시,12.87,22362,173767
1207,2020,제주특별자치도,서귀포시,17.53,12743,72684
1208,2021,서울특별시,종로구,4.4,2064,46885
1209,2021,서울특별시,중구,3.89,1646,42319
1210,2021,서울특별시,용산구,5.4,4088,75739
1211,2021,서울특별시,성동구,2.41,2190,91033
1212,2021,서울특별시,광진구,1.19,1085,91432
1213,2021,서울특별시,동대문구,1.66,1733,104287
1214,2021,서울특별시,중랑구,1.61,1847,114488
1215,2021,서울특별시,성북구,2.46,3454,140138
1216,2021,서울특별시,강북구,2.39,2342,97840
1217,2021,서울특별시,도봉구,3.04,3284,107959
1218,2021,서울특별시,노원구,3.12,5947,190352
1219,2021,서울특별시,은평구,2.74,4288,156710
1220,2021,서울특별시,서대문구,2.45,2498,102024
1221,2021,서울특별시,마포구,3.77,4749,126005
1222,2021,서울특별시,양천구,3.01,4392,145843
1223,2021,서울특별시,강서구,4.21,8392,199556
1224,2021,서울특별시,구로구,3.99,5355,134367
1225,2021,서울특별시,금천구,1.93,1376,71117
1226,2021,서울특별시,영등포구,1.94,2145,110396
1227,2021,서울특별시,동작구,1.18,1411,119534
1228,2021,서울특별시,관악구,0.61,775,127783
1229,2021,서울특별시,서초구,6.43,8698,135171
1230,2021,서울특별시,강남구,6.35,11151,175536
1231,2021,서울특별시,송파구,3.11,6719,215731
1232,2021,서울특별시,강동구,3.67,5371,146249
1233,2021,부산광역시,동부,7.94,96698,1217721
1234,2021,부산광역시,읍부,8.02,4279,53334
1235,2021,부산광역시,면부,3.06,360,11776
1236,2021,부산광역시,중구,15.36,2648,17242
1237,2021,부산광역시,서구,9.03,3752,41555
1238,2021,부산광역시,동구,12.64,4336,34295
1239,2021,부산광역시,영도구,11.48,5463,47606
1240,2021,부산광역시,부산진구,9.67,13766,142381
1241,2021,부산광역시,동래구,6.44,6122,95011
1242,2021,부산광역시,남구,10.7,11417,106747
1243,2021,부산광역시,북구,5.27,5748,109078
1244,2021,부산광역시,해운대구,7.22,10569,146466
1245,2021,부산광역시,사하구,7.1,8413,118464
1246,2021,부산광역시,금정구,7.82,6795,86898
1247,2021,부산광역시,강서구,5.38,2603,48374
1248,2021,부산광역시,연제구,6.51,4916,75509
1249,2021,부산광역시,수영구,8.78,6200,70629
1250,2021,부산광역시,사상구,5.1,3950,77466
1251,2021,부산광역시,기장군,7.12,4639,65110
1252,2021,대구광역시,동부,3.98,28493,715036
1253,2021,대구광역시,읍부,6.48,5661,87325
1254,2021,대구광역시,면부,14.87,1967,13227
1255,2021,대구광역시,중구,9.72,2536,26095
1256,2021,대구광역시,동구,5.63,7136,126648
1257,2021,대구광역시,서구,3.0,1534,51093
1258,2021,대구광역시,남구,3.69,1548,41905
1259,2021,대구광역시,북구,3.84,5694,148438
1260,2021,대구광역시,수성구,3.78,5208,137832
1261,2021,대구광역시,달서구,2.64,4837,183025
1262,2021,대구광역시,달성군,7.59,7628,100552
1263,2021,인천광역시,동부,5.63,57143,1014865
1264,2021,인천광역시,읍부,12.13,1117,9208
1265,2021,인천광역시,면부,15.28,4488,29378
1266,2021,인천광역시,중구,9.23,4833,52369
1267,2021,인천광역시,동구,9.22,2371,25724
1268,2021,인천광역시,연수구,3.96,5048,127461
1269,2021,인천광역시,남동구,5.56,10467,188253
1270,2021,인천광역시,부평구,4.9,8335,170161
1271,2021,인천광역시,계양구,5.37,5933,110467
1272,2021,인천광역시,서구,5.73,10981,191771
1273,2021,인천광역시,미추홀구,6.17,9175,148659
1274,2021,인천광역시,강화군,14.91,4505,30214
1275,2021,인천광역시,옹진군,13.14,1100,8372
1276,2021,광주광역시,동구,8.55,3500,40956
1277,2021,광주광역시,서구,5.46,5801,106287
1278,2021,광주광역시,남구,7.14,5929,83058
1279,2021,광주광역시,북구,5.92,9652,163083
1280,2021,광주광역시,광산구,5.73,8557,149319
1281,2021,대전광역시,동구,4.35,3504,80589
1282,2021,대전광역시,중구,4.51,3696,81873
1283,2021,대전광역시,서구,4.26,6579,154398
1284,2021,대전광역시,유성구,7.57,9214,121641
1285,2021,대전광역시,대덕구,4.8,3012,62717
1286,2021,울산광역시,동부,6.9,21630,313395
1287,2021,울산광역시,읍부,7.34,5017,68388
1288,2021,울산광역시,면부,17.51,2646,15110
1289,2021,울산광역시,중구,5.81,4130,71089
1290,2021,울산광역시,남구,7.48,8264,110424
1291,2021,울산광역시,동구,6.35,3405,53584
1292,2021,울산광역시,북구,7.45,5831,78298
1293,2021,울산광역시,울주군,9.18,7663,83498
1294,2021,세종특별자치시,동부,9.19,9985,108691
1295,2021,세종특별자치시,읍부,8.55,1419,16605
1296,2021,세종특별자치시,면부,9.83,1819,18502
1297,2021,경기도,동부,4.68,176573,3771104
1298,2021,경기도,읍부,7.22,40249,557288
1299,2021,경기도,면부,9.07,25359,279734
1300,2021,경기도,수원시,3.46,13214,382259
1301,2021,경기도,장안구,3.62,3189,87976
1302,2021,경기도,권선구,3.6,4329,120392
1303,2021,경기도,팔달구,4.93,3140,63748
1304,2021,경기도,영통구,2.32,2556,110143
1305,2021,경기도,성남시,2.84,7625,268934
1306,2021,경기도,수정구,4.24,2760,65159
1307,2021,경기도,중원구,1.67,1011,60468
1308,2021,경기도,분당구,2.69,3854,143307
1309,2021,경기도,의정부시,3.89,6294,161749
1310,2021,경기도,안양시,3.5,6240,178209
1311,2021,경기도,만안구,3.1,2368,76401
1312,2021,경기도,동안구,3.8,3872,101808
1313,2021,경기도,부천시,4.44,12158,273723
1314,2021,경기도,광명시,3.58,3490,97560
1315,2021,경기도,평택시,14.08,32601,231489
1316,2021,경기도,동두천시,8.8,3389,38523
1317,2021,경기도,안산시,5.81,12925,222495
1318,2021,경기도,상록구,6.32,7228,114331
1319,2021,경기도,단원구,5.27,5697,108164
1320,2021,경기도,고양시,3.26,11066,339468
1321,2021,경기도,덕양구,4.27,6934,162290
1322,2021,경기도,일산동구,2.27,1881,82891
1323,2021,경기도,일산서구,2.39,2251,94287
1324,2021,경기도,과천시,1.98,365,18426
1325,2021,경기도,구리시,4.29,2616,60917
1326,2021,경기도,남양주시,5.53,13974,252799
1327,2021,경기도,오산시,4.64,3834,82617
1328,2021,경기도,시흥시,5.47,10102,184751
1329,2021,경기도,군포시,2.92,2662,91201
1330,2021,경기도,의왕시,3.06,1724,56416
1331,2021,경기도,하남시,4.82,4586,95176
1332,2021,경기도,용인시,3.34,11889,355800
1333,2021,경기도,처인구,5.47,5060,92576
1334,2021,경기도,기흥구,3.03,4350,143405
1335,2021,경기도,수지구,2.07,2479,119819
1336,2021,경기도,파주시,7.13,12097,169553
1337,2021,경기도,이천시,7.9,6365,80579
1338,2021,경기도,안성시,8.49,6567,77374
1339,2021,경기도,김포시,3.98,6648,167035
1340,2021,경기도,화성시,6.77,21099,311842
1341,2021,경기도,광주시,4.24,5530,130350
1342,2021,경기도,양주시,5.9,5193,88057
1343,2021,경기도,포천시,6.82,3824,56079
1344,2021,경기도,여주시,9.52,4099,43057
1345,2021,경기도,연천군,5.5,949,17244
1346,2021,경기도,가평군,14.86,3978,26761
1347,2021,경기도,양평군,10.65,5078,47683
1348,2021,강원도,동부,10.32,38545,373418
1349,2021,강원도,읍부,13.59,15266,112347
1350,2021,강원도,면부,15.94,26927,168954
1351,2021,강원도,춘천시,7.62,8040,105579
1352,2021,강원도,원주시,10.1,14504,143538
1353,2021,강원도,강릉시,11.28,10065,89259
1354,2021,강원도,동해시,15.5,6440,41536
1355,2021,강원도,태백시,14.42,2946,20436
1356,2021,강원도,속초시,16.02,6275,39169
1357,2021,강원도,삼척시,16.81,5155,30663
1358,2021,강원도,홍천군,12.98,3952,30457
1359,2021,강원도,횡성군,13.8,2863,20753
1360,2021,강원도,영월군,13.28,2412,18165
1361,2021,강원도,평창군,25.38,5609,22098
1362,2021,강원도,정선군,14.41,2487,17257
1363,2021,강원도,철원군,7.91,1335,16870
1364,2021,강원도,화천군,9.78,976,9979
1365,2021,강원도,양구군,6.13,511,8330
1366,2021,강원도,인제군,11.34,1482,13074
1367,2021,강원도,고성군,19.29,2532,13129
1368,2021,강원도,양양군,21.86,3154,14427
1369,2021,충청북도,동부,8.38,29468,351472
1370,2021,충청북도,읍부,11.51,16130,140101
1371,2021,충청북도,면부,15.54,24660,158651
1372,2021,충청북도,충주시,13.81,12985,94020
1373,2021,충청북도,제천시,10.57,6146,58119
1374,2021,충청북도,청주시,7.79,24079,308987
1375,2021,충청북도,상당구,8.38,6110,72934
1376,2021,충청북도,서원구,8.12,5979,73608
1377,2021,충청북도,흥덕구,7.29,6773,92954
1378,2021,충청북도,청원구,7.51,5217,69491
1379,2021,충청북도,보은군,15.29,2428,15881
1380,2021,충청북도,옥천군,11.82,2640,22330
1381,2021,충청북도,영동군,13.78,2963,21504
1382,2021,충청북도,진천군,15.8,6269,39670
1383,2021,충청북도,괴산군,8.97,1544,17208
1384,2021,충청북도,음성군,16.51,7150,43294
1385,2021,충청북도,단양군,14.64,2033,13885
1386,2021,충청북도,증평군,13.19,2021,15326
1387,2021,충청남도,동부,8.02,29568,368863
1388,2021,충청남도,읍부,13.27,28511,214783
1389,2021,충청남도,면부,13.26,38594,291020
1390,2021,충청남도,천안시,8.39,20593,245351
1391,2021,충청남도,동남구,8.76,8683,99153
1392,2021,충청남도,서북구,8.15,11910,146198
1393,2021,충청남도,공주시,11.38,5140,45172
1394,2021,충청남도,보령시,11.35,4995,44017
1395,2021,충청남도,아산시,11.02,14328,130041
1396,2021,충청남도,서산시,12.11,9091,75088
1397,2021,충청남도,논산시,11.25,5503,48915
1398,2021,충청남도,계룡시,13.35,2290,17156
1399,2021,충청남도,당진시,11.03,7382,66931
1400,2021,충청남도,금산군,12.93,3014,23307
1401,2021,충청남도,부여군,11.66,3449,29582
1402,2021,충청남도,서천군,17.86,4657,26078
1403,2021,충청남도,청양군,11.65,1652,14181
1404,2021,충청남도,홍성군,12.53,5441,43429
1405,2021,충청남도,예산군,13.74,4986,36286
1406,2021,충청남도,태안군,14.25,4152,29132
1407,2021,전라북도,동부,10.7,54093,505326
1408,2021,전라북도,읍부,13.29,8745,65785
1409,2021,전라북도,면부,15.0,26520,176769
1410,2021,전라북도,전주시,7.85,19104,243306
1411,2021,전라북도,완산구,7.86,9798,124735
1412,2021,전라북도,덕진구,7.85,9306,118571
1413,2021,전라북도,군산시,15.49,18202,117489
1414,2021,전라북도,익산시,11.22,13297,118515
1415,2021,전라북도,정읍시,14.07,6809,48382
1416,2021,전라북도,남원시,12.29,4303,35018
1417,2021,전라북도,김제시,16.47,6343,38501
1418,2021,전라북도,완주군,14.43,5680,39362
1419,2021,전라북도,진안군,10.73,1172,10926
1420,2021,전라북도,무주군,14.52,1634,11255
1421,2021,전라북도,장수군,10.01,959,9577
1422,2021,전라북도,임실군,15.42,1995,12938
1423,2021,전라북도,순창군,16.52,2132,12907
1424,2021,전라북도,고창군,14.18,3582,25261
1425,2021,전라북도,부안군,16.96,4146,24443
1426,2021,전라남도,동부,12.71,41952,329985
1427,2021,전라남도,읍부,14.23,27084,190265
1428,2021,전라남도,면부,16.13,46965,291228
1429,2021,전라남도,목포시,13.62,12992,95419
1430,2021,전라남도,여수시,11.61,13223,113866
1431,2021,전라남도,순천시,10.77,12392,115059
1432,2021,전라남도,나주시,17.23,9365,54339
1433,2021,전라남도,광양시,16.27,10486,64442
1434,2021,전라남도,담양군,14.5,2816,19420
1435,2021,전라남도,곡성군,15.46,2094,13545
1436,2021,전라남도,구례군,15.6,1864,11948
1437,2021,전라남도,고흥군,18.35,6281,34227
1438,2021,전라남도,보성군,14.16,2783,19658
1439,2021,전라남도,화순군,19.02,5682,29866
1440,2021,전라남도,장흥군,13.76,2427,17642
1441,2021,전라남도,강진군,18.24,3149,17267
1442,2021,전라남도,해남군,13.75,4305,31310
1443,2021,전라남도,영암군,18.39,4980,27074
1444,2021,전라남도,무안군,16.52,6034,36527
1445,2021,전라남도,함평군,15.76,2351,14913
1446,2021,전라남도,영광군,12.6,2847,22587
1447,2021,전라남도,장성군,18.62,3606,19363
1448,2021,전라남도,완도군,13.94,3080,22087
1449,2021,전라남도,진도군,12.5,1792,14341
1450,2021,전라남도,신안군,8.76,1452,16578
1451,2021,경상북도,동부,9.32,49717,533654
1452,2021,경상북도,읍부,12.13,31956,263495
1453,2021,경상북도,면부,15.72,48175,306517
1454,2021,경상북도,포항시,9.9,19976,201687
1455,2021,경상북도,남구,9.96,8919,89572
1456,2021,경상북도,북구,9.86,11057,112115
1457,2021,경상북도,경주시,12.81,14133,110340
1458,2021,경상북도,김천시,14.21,8669,61002
1459,2021,경상북도,안동시,13.47,9445,70143
1460,2021,경상북도,구미시,9.08,13843,152482
1461,2021,경상북도,영주시,10.7,4627,43261
1462,2021,경상북도,영천시,13.54,6259,46215
1463,2021,경상북도,상주시,14.64,6526,44590
1464,2021,경상북도,문경시,11.45,3477,30376
1465,2021,경상북도,경산시,8.01,8069,100790
1466,2021,경상북도,군위군,11.49,1264,11005
1467,2021,경상북도,의성군,14.48,3792,26186
1468,2021,경상북도,청송군,14.51,1820,12542
1469,2021,경상북도,영양군,13.13,1078,8209
1470,2021,경상북도,영덕군,15.82,2874,18172
1471,2021,경상북도,청도군,19.78,4308,21785
1472,2021,경상북도,고령군,12.85,1777,13825
1473,2021,경상북도,성주군,9.0,1544,17162
1474,2021,경상북도,칠곡군,12.2,5370,44017
1475,2021,경상북도,예천군,15.95,4365,27371
1476,2021,경상북도,봉화군,12.72,1933,15202
1477,2021,경상북도,울진군,18.72,4544,24279
1478,2021,경상북도,울릉군,5.12,155,3025
1479,2021,경상남도,동부,8.42,65391,776954
1480,2021,경상남도,읍부,9.87,19465,197240
1481,2021,경상남도,면부,16.18,53730,332069
1482,2021,경상남도,진주시,8.42,11044,131224
1483,2021,경상남도,통영시,12.77,6697,52427
1484,2021,경상남도,사천시,15.11,7506,49686
1485,2021,경상남도,김해시,7.34,14245,194064
1486,2021,경상남도,밀양시,13.75,6771,49245
1487,2021,경상남도,거제시,16.24,16332,100541
1488,2021,경상남도,양산시,9.03,12364,136972
1489,2021,경상남도,창원시,7.53,27701,368075
1490,2021,경상남도,의창구,4.67,3256,69659
1491,2021,경상남도,성산구,7.24,6203,85693
1492,2021,경상남도,마산합포구,10.09,7160,70990
1493,2021,경상남도,마산회원구,5.17,3446,66590
1494,2021,경상남도,진해구,10.16,7636,75143
1495,2021,경상남도,의령군,16.31,2195,13460
1496,2021,경상남도,함안군,11.65,3254,27921
1497,2021,경상남도,창녕군,14.31,4009,28008
1498,2021,경상남도,고성군,17.34,4220,24333
1499,2021,경상남도,남해군,21.34,4926,23082
1500,2021,경상남도,하동군,13.35,2729,20445
1501,2021,경상남도,산청군,17.4,2993,17204
1502,2021,경상남도,함양군,15.82,2990,18902
1503,2021,경상남도,거창군,14.31,3885,27149
1504,2021,경상남도,합천군,20.09,4725,23525
1505,2021,제주특별자치도,동부,10.68,18133,169773
1506,2021,제주특별자치도,읍부,17.17,10936,63695
1507,2021,제주특별자치도,면부,20.9,3378,16161
1508,2021,제주특별자치도,제주시,11.66,20475,175552
1509,2021,제주특별자치도,서귀포시,16.16,11972,74077
